2026-07-17T16:57:43.2739563Z Current runner version: '2.335.1'
2026-07-17T16:57:43.2772992Z ##[group]Runner Image Provisioner
2026-07-17T16:57:43.2774082Z Hosted Compute Agent
2026-07-17T16:57:43.2774788Z Version: 20260707.563
2026-07-17T16:57:43.2775981Z Commit: 02667638d2b423fbc733a8e32a88b44996a3ba6e
2026-07-17T16:57:43.2777111Z Build Date: 2026-07-07T19:33:50Z
2026-07-17T16:57:43.2778014Z Worker ID: {b1800726-7939-42ce-a31e-a90a8750ce36}
2026-07-17T16:57:43.2779048Z Azure Region: eastus
2026-07-17T16:57:43.2779867Z ##[endgroup]
2026-07-17T16:57:43.2781753Z ##[group]Operating System
2026-07-17T16:57:43.2782702Z Microsoft Windows Server 2025
2026-07-17T16:57:43.2783511Z 10.0.26100
2026-07-17T16:57:43.2784244Z Datacenter
2026-07-17T16:57:43.2784865Z ##[endgroup]
2026-07-17T16:57:43.2785576Z ##[group]Runner Image
2026-07-17T16:57:43.2786476Z Image: windows-2025-vs2026
2026-07-17T16:57:43.2787658Z Version: 20260714.173.1
2026-07-17T16:57:43.2789927Z Included Software: https://github.com/actions/runner-images/blob/win25-vs2026/20260714.173/images/windows/Windows2025-VS2026-Readme.md
2026-07-17T16:57:43.2792564Z Image Release: https://github.com/actions/runner-images/releases/tag/win25-vs2026%2F20260714.173
2026-07-17T16:57:43.2794045Z ##[endgroup]
2026-07-17T16:57:43.2795452Z ##[group]GITHUB_TOKEN Permissions
2026-07-17T16:57:43.2797606Z Contents: read
2026-07-17T16:57:43.2798116Z Metadata: read
2026-07-17T16:57:43.2798762Z Packages: read
2026-07-17T16:57:43.2799273Z ##[endgroup]
2026-07-17T16:57:43.2801263Z Secret source: Actions
2026-07-17T16:57:43.2802180Z Prepare workflow directory
2026-07-17T16:57:43.3132510Z Prepare all required actions
2026-07-17T16:57:43.3170104Z Getting action download info
2026-07-17T16:57:43.4739289Z Download action repository 'actions/checkout@v4' (SHA:34e114876b0b11c390a56381ad16ebd13914f8d5)
2026-07-17T16:57:43.5848809Z Download action repository 'dtolnay/rust-toolchain@stable' (SHA:4cda84d5c5c54efe2404f9d843567869ab1699d4)
2026-07-17T16:57:43.6887987Z Download action repository 'pypa/cibuildwheel@v3.3' (SHA:298ed2fb2c105540f5ed055e8a6ad78d82dd3a7e)
2026-07-17T16:57:43.9363947Z Download action repository 'actions/upload-artifact@v4' (SHA:ea165f8d65b6e75b540449e92b4886f43607fa02)
2026-07-17T16:57:44.2920941Z Getting action download info
2026-07-17T16:57:44.3555947Z Download action repository 'actions/setup-python@v6' (SHA:ece7cb06caefa5fff74198d8649806c4678c61a1)
2026-07-17T16:57:44.5368400Z Complete job name: Build wheels on windows-latest
2026-07-17T16:57:44.6677161Z Node 20 is being deprecated. This workflow is running with Node 24 by default. If you need to temporarily use Node 20, you can set the ACTIONS_ALLOW_USE_UNSECURE_NODE_VERSION=true environment variable. For more information see: https://github.blog/changelog/2025-09-19-deprecation-of-node-20-on-github-actions-runners/
2026-07-17T16:57:44.6688006Z ##[group]Run actions/checkout@v4
2026-07-17T16:57:44.6688969Z with:
2026-07-17T16:57:44.6689639Z   repository: anthol42/relag
2026-07-17T16:57:44.6696066Z   token: ***
2026-07-17T16:57:44.6696755Z   ssh-strict: true
2026-07-17T16:57:44.6697436Z   ssh-user: git
2026-07-17T16:57:44.6698129Z   persist-credentials: true
2026-07-17T16:57:44.6698879Z   clean: true
2026-07-17T16:57:44.6699579Z   sparse-checkout-cone-mode: true
2026-07-17T16:57:44.6700396Z   fetch-depth: 1
2026-07-17T16:57:44.6701067Z   fetch-tags: false
2026-07-17T16:57:44.6701755Z   show-progress: true
2026-07-17T16:57:44.6702444Z   lfs: false
2026-07-17T16:57:44.6703131Z   submodules: false
2026-07-17T16:57:44.6703822Z   set-safe-directory: true
2026-07-17T16:57:44.6704720Z ##[endgroup]
2026-07-17T16:57:44.8062858Z Syncing repository: anthol42/relag
2026-07-17T16:57:44.8065028Z ##[group]Getting Git version info
2026-07-17T16:57:44.8065931Z Working directory is 'D:\a\relag\relag'
2026-07-17T16:57:44.8601974Z [command]"C:\Program Files\Git\bin\git.exe" version
2026-07-17T16:57:45.0061667Z git version 2.55.0.windows.2
2026-07-17T16:57:45.0104412Z ##[endgroup]
2026-07-17T16:57:45.0122988Z Temporarily overriding HOME='D:\a\_temp\9fb437f2-403e-4dee-9e64-2e7ee1455eff' before making global git config changes
2026-07-17T16:57:45.0127237Z Adding repository directory to the temporary git global config as a safe directory
2026-07-17T16:57:45.0133058Z [command]"C:\Program Files\Git\bin\git.exe" config --global --add safe.directory D:\a\relag\relag
2026-07-17T16:57:45.0403532Z Deleting the contents of 'D:\a\relag\relag'
2026-07-17T16:57:45.0409373Z ##[group]Initializing the repository
2026-07-17T16:57:45.0417684Z [command]"C:\Program Files\Git\bin\git.exe" init D:\a\relag\relag
2026-07-17T16:57:45.0825145Z Initialized empty Git repository in D:/a/relag/relag/.git/
2026-07-17T16:57:45.0863068Z [command]"C:\Program Files\Git\bin\git.exe" remote add origin https://github.com/anthol42/relag
2026-07-17T16:57:45.1143960Z ##[endgroup]
2026-07-17T16:57:45.1145318Z ##[group]Disabling automatic garbage collection
2026-07-17T16:57:45.1151983Z [command]"C:\Program Files\Git\bin\git.exe" config --local gc.auto 0
2026-07-17T16:57:45.1415864Z ##[endgroup]
2026-07-17T16:57:45.1427404Z ##[group]Setting up auth
2026-07-17T16:57:45.1428835Z [command]"C:\Program Files\Git\bin\git.exe" config --local --name-only --get-regexp core\.sshCommand
2026-07-17T16:57:45.1698986Z [command]"C:\Program Files\Git\bin\git.exe" submodule foreach --recursive "sh -c \"git config --local --name-only --get-regexp 'core\.sshCommand' && git config --local --unset-all 'core.sshCommand' || :\""
2026-07-17T16:57:46.0142869Z [command]"C:\Program Files\Git\bin\git.exe" config --local --name-only --get-regexp http\.https\:\/\/github\.com\/\.extraheader
2026-07-17T16:57:46.0447803Z [command]"C:\Program Files\Git\bin\git.exe" submodule foreach --recursive "sh -c \"git config --local --name-only --get-regexp 'http\.https\:\/\/github\.com\/\.extraheader' && git config --local --unset-all 'http.https://github.com/.extraheader' || :\""
2026-07-17T16:57:46.5691876Z [command]"C:\Program Files\Git\bin\git.exe" config --local --name-only --get-regexp ^includeIf\.gitdir:
2026-07-17T16:57:46.5973444Z [command]"C:\Program Files\Git\bin\git.exe" submodule foreach --recursive "git config --local --show-origin --name-only --get-regexp remote.origin.url"
2026-07-17T16:57:47.1041309Z [command]"C:\Program Files\Git\bin\git.exe" config --local http.https://github.com/.extraheader "AUTHORIZATION: basic ***"
2026-07-17T16:57:47.1328232Z ##[endgroup]
2026-07-17T16:57:47.1328988Z ##[group]Fetching the repository
2026-07-17T16:57:47.1343524Z [command]"C:\Program Files\Git\bin\git.exe" -c protocol.version=2 fetch --no-tags --prune --no-recurse-submodules --depth=1 origin +2217a22338003e124f8fb521cc94eb66cda9113f:refs/remotes/origin/main
2026-07-17T16:57:47.7210296Z From https://github.com/anthol42/relag
2026-07-17T16:57:47.7210996Z  * [new ref]         2217a22338003e124f8fb521cc94eb66cda9113f -> origin/main
2026-07-17T16:57:47.7249399Z ##[endgroup]
2026-07-17T16:57:47.7249973Z ##[group]Determining the checkout info
2026-07-17T16:57:47.7250910Z ##[endgroup]
2026-07-17T16:57:47.7259966Z [command]"C:\Program Files\Git\bin\git.exe" sparse-checkout disable
2026-07-17T16:57:47.7558968Z [command]"C:\Program Files\Git\bin\git.exe" config --local --unset-all extensions.worktreeConfig
2026-07-17T16:57:47.7823390Z ##[group]Checking out the ref
2026-07-17T16:57:47.7831090Z [command]"C:\Program Files\Git\bin\git.exe" checkout --progress --force -B main refs/remotes/origin/main
2026-07-17T16:57:47.8863120Z Switched to a new branch 'main'
2026-07-17T16:57:47.8877120Z branch 'main' set up to track 'origin/main'.
2026-07-17T16:57:47.8924639Z ##[endgroup]
2026-07-17T16:57:47.9216463Z [command]"C:\Program Files\Git\bin\git.exe" log -1 --format=%H
2026-07-17T16:57:47.9455795Z 2217a22338003e124f8fb521cc94eb66cda9113f
2026-07-17T16:57:47.9839429Z ##[group]Run New-ItemProperty -Path "HKLM:\SYSTEM\CurrentControlSet\Control\FileSystem" -Name "LongPathsEnabled" -Value 1 -PropertyType DWORD -Force
2026-07-17T16:57:47.9840582Z  [36;1mNew-ItemProperty -Path "HKLM:\SYSTEM\CurrentControlSet\Control\FileSystem" -Name "LongPathsEnabled" -Value 1 -PropertyType DWORD -Force [0m
2026-07-17T16:57:48.0158368Z shell: C:\Program Files\PowerShell\7\pwsh.EXE -command ". '{0}'"
2026-07-17T16:57:48.0158775Z ##[endgroup]
2026-07-17T16:57:52.9055550Z 
2026-07-17T16:57:52.9060706Z  [32;1mLongPathsEnabled :  [0m1
2026-07-17T16:57:52.9069054Z  [32;1mPSPath           :  [0mMicrosoft.PowerShell.Core\Registry::HKEY_LOCAL_MACHINE\SYSTEM\CurrentControlSet\Control\FileSystem
2026-07-17T16:57:52.9070580Z  [32;1mPSParentPath     :  [0mMicrosoft.PowerShell.Core\Registry::HKEY_LOCAL_MACHINE\SYSTEM\CurrentControlSet\Control
2026-07-17T16:57:52.9071311Z  [32;1mPSChildName      :  [0mFileSystem
2026-07-17T16:57:52.9071720Z  [32;1mPSDrive          :  [0mHKLM
2026-07-17T16:57:52.9072096Z  [32;1mPSProvider       :  [0mMicrosoft.PowerShell.Core\Registry
2026-07-17T16:57:52.9072377Z 
2026-07-17T16:57:53.0007926Z ##[group]Run dtolnay/rust-toolchain@stable
2026-07-17T16:57:53.0008287Z with:
2026-07-17T16:57:53.0008466Z   toolchain: stable
2026-07-17T16:57:53.0008690Z ##[endgroup]
2026-07-17T16:57:53.0201367Z ##[group]Run : parse toolchain version
2026-07-17T16:57:53.0201694Z  [36;1m: parse toolchain version [0m
2026-07-17T16:57:53.0201946Z  [36;1mif [[ -z $toolchain ]]; then [0m
2026-07-17T16:57:53.0202445Z  [36;1m  # GitHub does not enforce `required: true` inputs itself. https://github.com/actions/runner/issues/1070 [0m
2026-07-17T16:57:53.0202961Z  [36;1m  echo "'toolchain' is a required input" >&2 [0m
2026-07-17T16:57:53.0203231Z  [36;1m  exit 1 [0m
2026-07-17T16:57:53.0203536Z  [36;1melif [[ $toolchain =~ ^stable' '[0-9]+' '(year|month|week|day)s?' 'ago$ ]]; then [0m
2026-07-17T16:57:53.0203917Z  [36;1m  if [[ Windows == macOS ]]; then [0m
2026-07-17T16:57:53.0204463Z  [36;1m    echo "toolchain=1.$((($(date -v-$(sed 's/stable \([0-9]*\) \(.\).*/\1\2/' <<< $toolchain) +%s)/60/60/24-16569)/7/6))" >> $GITHUB_OUTPUT [0m
2026-07-17T16:57:53.0204927Z  [36;1m  else [0m
2026-07-17T16:57:53.0205303Z  [36;1m    echo "toolchain=1.$((($(date --date "${toolchain#stable }" +%s)/60/60/24-16569)/7/6))" >> $GITHUB_OUTPUT [0m
2026-07-17T16:57:53.0205748Z  [36;1m  fi [0m
2026-07-17T16:57:53.0206017Z  [36;1melif [[ $toolchain =~ ^stable' 'minus' '[0-9]+' 'releases?$ ]]; then [0m
2026-07-17T16:57:53.0206510Z  [36;1m  echo "toolchain=1.$((($(date +%s)/60/60/24-16569)/7/6-${toolchain//[^0-9]/}))" >> $GITHUB_OUTPUT [0m
2026-07-17T16:57:53.0206928Z  [36;1melif [[ $toolchain =~ ^1\.[0-9]+$ ]]; then [0m
2026-07-17T16:57:53.0207398Z  [36;1m  echo "toolchain=1.$((i=${toolchain#1.}, c=($(date +%s)/60/60/24-16569)/7/6, i+9*i*(10*i<=c)+90*i*(100*i<=c)))" >> $GITHUB_OUTPUT [0m
2026-07-17T16:57:53.0207834Z  [36;1melse [0m
2026-07-17T16:57:53.0208058Z  [36;1m  echo "toolchain=$toolchain" >> $GITHUB_OUTPUT [0m
2026-07-17T16:57:53.0208331Z  [36;1mfi [0m
2026-07-17T16:57:53.0218298Z shell: C:\Program Files\Git\bin\bash.EXE --noprofile --norc -e -o pipefail {0}
2026-07-17T16:57:53.0218682Z env:
2026-07-17T16:57:53.0218857Z   toolchain: stable
2026-07-17T16:57:53.0219046Z ##[endgroup]
2026-07-17T16:57:53.0730200Z ##[group]Run : construct rustup command line
2026-07-17T16:57:53.0730562Z  [36;1m: construct rustup command line [0m
2026-07-17T16:57:53.0730981Z  [36;1mecho "targets=$(for t in ${targets//,/ }; do echo -n ' --target' $t; done)" >> $GITHUB_OUTPUT [0m
2026-07-17T16:57:53.0731576Z  [36;1mecho "components=$(for c in ${components//,/ }; do echo -n ' --component' $c; done)" >> $GITHUB_OUTPUT [0m
2026-07-17T16:57:53.0732020Z  [36;1mecho "downgrade=" >> $GITHUB_OUTPUT [0m
2026-07-17T16:57:53.0742139Z shell: C:\Program Files\Git\bin\bash.EXE --noprofile --norc -e -o pipefail {0}
2026-07-17T16:57:53.0742512Z env:
2026-07-17T16:57:53.0742686Z   targets: 
2026-07-17T16:57:53.0742853Z   components: 
2026-07-17T16:57:53.0743031Z ##[endgroup]
2026-07-17T16:57:53.1410959Z ##[group]Run : set $CARGO_HOME
2026-07-17T16:57:53.1411237Z  [36;1m: set $CARGO_HOME [0m
2026-07-17T16:57:53.1411561Z  [36;1mecho CARGO_HOME=${CARGO_HOME:-"$USERPROFILE\.cargo"} >> $GITHUB_ENV [0m
2026-07-17T16:57:53.1422081Z shell: C:\Program Files\Git\bin\bash.EXE --noprofile --norc -e -o pipefail {0}
2026-07-17T16:57:53.1422468Z ##[endgroup]
2026-07-17T16:57:53.1916656Z ##[group]Run : install rustup if needed on windows
2026-07-17T16:57:53.1917205Z  [36;1m: install rustup if needed on windows [0m
2026-07-17T16:57:53.1917508Z  [36;1mif ! command -v rustup &>/dev/null; then [0m
2026-07-17T16:57:53.1918230Z  [36;1m  curl --proto '=https' --tlsv1.2 --retry 10 --retry-connrefused --location --silent --show-error --fail https://win.rustup.rs/x86_64 --output 'D:\a\_temp\rustup-init.exe' [0m
2026-07-17T16:57:53.1919035Z  [36;1m  'D:\a\_temp\rustup-init.exe' --default-toolchain none --no-modify-path -y [0m
2026-07-17T16:57:53.1919429Z  [36;1m  echo "$CARGO_HOME\bin" >> $GITHUB_PATH [0m
2026-07-17T16:57:53.1919688Z  [36;1mfi [0m
2026-07-17T16:57:53.1930767Z shell: C:\Program Files\Git\bin\bash.EXE --noprofile --norc -e -o pipefail {0}
2026-07-17T16:57:53.1931190Z env:
2026-07-17T16:57:53.1931393Z   CARGO_HOME: C:\Users\runneradmin\.cargo
2026-07-17T16:57:53.1931638Z ##[endgroup]
2026-07-17T16:57:53.2461195Z ##[group]Run rustup toolchain install stable --profile minimal --no-self-update
2026-07-17T16:57:53.2461723Z  [36;1mrustup toolchain install stable --profile minimal --no-self-update [0m
2026-07-17T16:57:53.2472810Z shell: C:\Program Files\Git\bin\bash.EXE --noprofile --norc -e -o pipefail {0}
2026-07-17T16:57:53.2473175Z env:
2026-07-17T16:57:53.2473371Z   CARGO_HOME: C:\Users\runneradmin\.cargo
2026-07-17T16:57:53.2473630Z   RUSTUP_PERMIT_COPY_RENAME: 1
2026-07-17T16:57:53.2473849Z ##[endgroup]
2026-07-17T16:57:56.2075767Z info: syncing channel updates for stable-x86_64-pc-windows-msvc
2026-07-17T16:57:56.6645538Z info: latest update on 2026-07-16 for version 1.97.1 (8bab26f4f 2026-07-14)
2026-07-17T16:57:56.6941721Z info: removing previous version of component clippy
2026-07-17T16:57:56.7080634Z info: removing previous version of component rustfmt
2026-07-17T16:57:56.7168359Z info: removing previous version of component rust-std for target x86_64-pc-windows-gnu
2026-07-17T16:57:56.8412803Z info: removing previous version of component rust-std for target i686-pc-windows-msvc
2026-07-17T16:57:56.9196124Z info: removing previous version of component cargo
2026-07-17T16:57:56.9735869Z info: removing previous version of component rust-std
2026-07-17T16:57:57.0491935Z info: removing previous version of component rustc
2026-07-17T16:57:57.1201427Z info: downloading 7 components
2026-07-17T16:58:11.3706731Z 
2026-07-17T16:58:11.4025674Z   stable-x86_64-pc-windows-msvc updated - rustc 1.97.1 (8bab26f4f 2026-07-14) (from rustc 1.97.0 (2d8144b78 2026-07-07))
2026-07-17T16:58:11.4027206Z 
2026-07-17T16:58:11.4252389Z ##[group]Run rustup default stable
2026-07-17T16:58:11.4252979Z  [36;1mrustup default stable [0m
2026-07-17T16:58:11.4263065Z shell: C:\Program Files\Git\bin\bash.EXE --noprofile --norc -e -o pipefail {0}
2026-07-17T16:58:11.4263418Z env:
2026-07-17T16:58:11.4263619Z   CARGO_HOME: C:\Users\runneradmin\.cargo
2026-07-17T16:58:11.4263857Z ##[endgroup]
2026-07-17T16:58:11.4953910Z info: using existing install for stable-x86_64-pc-windows-msvc
2026-07-17T16:58:11.5021363Z info: default toolchain set to stable-x86_64-pc-windows-msvc
2026-07-17T16:58:11.5021769Z 
2026-07-17T16:58:11.5239780Z   stable-x86_64-pc-windows-msvc unchanged - rustc 1.97.1 (8bab26f4f 2026-07-14)
2026-07-17T16:58:11.5240301Z 
2026-07-17T16:58:11.5428043Z ##[group]Run : create cachekey
2026-07-17T16:58:11.5428320Z  [36;1m: create cachekey [0m
2026-07-17T16:58:11.5428794Z  [36;1mDATE=$(rustc +stable --version --verbose | sed -ne 's/^commit-date: \(20[0-9][0-9]\)-\([01][0-9]\)-\([0-3][0-9]\)$/\1\2\3/p') [0m
2026-07-17T16:58:11.5429389Z  [36;1mHASH=$(rustc +stable --version --verbose | sed -ne 's/^commit-hash: //p') [0m
2026-07-17T16:58:11.5429860Z  [36;1mecho "cachekey=$(echo $DATE$HASH | head -c12)" >> $GITHUB_OUTPUT [0m
2026-07-17T16:58:11.5439307Z shell: C:\Program Files\Git\bin\bash.EXE --noprofile --norc -e -o pipefail {0}
2026-07-17T16:58:11.5439860Z env:
2026-07-17T16:58:11.5440042Z   CARGO_HOME: C:\Users\runneradmin\.cargo
2026-07-17T16:58:11.5440283Z ##[endgroup]
2026-07-17T16:58:13.4933726Z ##[group]Run : disable incremental compilation
2026-07-17T16:58:13.4934147Z  [36;1m: disable incremental compilation [0m
2026-07-17T16:58:13.4934637Z  [36;1mif [ -z "${CARGO_INCREMENTAL+set}" ]; then [0m
2026-07-17T16:58:13.4935642Z  [36;1m  echo CARGO_INCREMENTAL=0 >> $GITHUB_ENV [0m
2026-07-17T16:58:13.4936122Z  [36;1mfi [0m
2026-07-17T16:58:13.4948322Z shell: C:\Program Files\Git\bin\bash.EXE --noprofile --norc -e -o pipefail {0}
2026-07-17T16:58:13.4948684Z env:
2026-07-17T16:58:13.4948882Z   CARGO_HOME: C:\Users\runneradmin\.cargo
2026-07-17T16:58:13.4949130Z ##[endgroup]
2026-07-17T16:58:13.5586391Z ##[group]Run : enable colors in Cargo output
2026-07-17T16:58:13.5586711Z  [36;1m: enable colors in Cargo output [0m
2026-07-17T16:58:13.5587001Z  [36;1mif [ -z "${CARGO_TERM_COLOR+set}" ]; then [0m
2026-07-17T16:58:13.5587323Z  [36;1m  echo CARGO_TERM_COLOR=always >> $GITHUB_ENV [0m
2026-07-17T16:58:13.5587582Z  [36;1mfi [0m
2026-07-17T16:58:13.5597755Z shell: C:\Program Files\Git\bin\bash.EXE --noprofile --norc -e -o pipefail {0}
2026-07-17T16:58:13.5598106Z env:
2026-07-17T16:58:13.5598296Z   CARGO_HOME: C:\Users\runneradmin\.cargo
2026-07-17T16:58:13.5598538Z   CARGO_INCREMENTAL: 0
2026-07-17T16:58:13.5598728Z ##[endgroup]
2026-07-17T16:58:13.6084888Z ##[group]Run : enable Cargo sparse registry
2026-07-17T16:58:13.6085253Z  [36;1m: enable Cargo sparse registry [0m
2026-07-17T16:58:13.6085600Z  [36;1m# implemented in 1.66, stabilized in 1.68, made default in 1.70 [0m
2026-07-17T16:58:13.6086410Z  [36;1mif [ -z "${CARGO_REGISTRIES_CRATES_IO_PROTOCOL+set}" -o -f "D:\a\_temp"/.implicit_cargo_registries_crates_io_protocol ]; then [0m
2026-07-17T16:58:13.6087123Z  [36;1m  if rustc +stable --version --verbose | grep -q '^release: 1\.6[89]\.'; then [0m
2026-07-17T16:58:13.6087617Z  [36;1m    touch "D:\a\_temp"/.implicit_cargo_registries_crates_io_protocol || true [0m
2026-07-17T16:58:13.6088065Z  [36;1m    echo CARGO_REGISTRIES_CRATES_IO_PROTOCOL=sparse >> $GITHUB_ENV [0m
2026-07-17T16:58:13.6088720Z  [36;1m  elif rustc +stable --version --verbose | grep -q '^release: 1\.6[67]\.'; then [0m
2026-07-17T16:58:13.6089187Z  [36;1m    touch "D:\a\_temp"/.implicit_cargo_registries_crates_io_protocol || true [0m
2026-07-17T16:58:13.6089613Z  [36;1m    echo CARGO_REGISTRIES_CRATES_IO_PROTOCOL=git >> $GITHUB_ENV [0m
2026-07-17T16:58:13.6089929Z  [36;1m  fi [0m
2026-07-17T16:58:13.6090103Z  [36;1mfi [0m
2026-07-17T16:58:13.6099883Z shell: C:\Program Files\Git\bin\bash.EXE --noprofile --norc -e -o pipefail {0}
2026-07-17T16:58:13.6100245Z env:
2026-07-17T16:58:13.6100429Z   CARGO_HOME: C:\Users\runneradmin\.cargo
2026-07-17T16:58:13.6100689Z   CARGO_INCREMENTAL: 0
2026-07-17T16:58:13.6100891Z   CARGO_TERM_COLOR: always
2026-07-17T16:58:13.6101087Z ##[endgroup]
2026-07-17T16:58:14.0665827Z ##[group]Run : work around spurious network errors in curl 8.0
2026-07-17T16:58:14.0666232Z  [36;1m: work around spurious network errors in curl 8.0 [0m
2026-07-17T16:58:14.0666758Z  [36;1m# https://rust-lang.zulipchat.com/#narrow/stream/246057-t-cargo/topic/timeout.20investigation [0m
2026-07-17T16:58:14.0667339Z  [36;1mif rustc +stable --version --verbose | grep -q '^release: 1\.7[01]\.'; then [0m
2026-07-17T16:58:14.0667757Z  [36;1m  echo CARGO_HTTP_MULTIPLEXING=false >> $GITHUB_ENV [0m
2026-07-17T16:58:14.0668036Z  [36;1mfi [0m
2026-07-17T16:58:14.0678495Z shell: C:\Program Files\Git\bin\bash.EXE --noprofile --norc -e -o pipefail {0}
2026-07-17T16:58:14.0678858Z env:
2026-07-17T16:58:14.0679476Z   CARGO_HOME: C:\Users\runneradmin\.cargo
2026-07-17T16:58:14.0679797Z   CARGO_INCREMENTAL: 0
2026-07-17T16:58:14.0680004Z   CARGO_TERM_COLOR: always
2026-07-17T16:58:14.0680203Z ##[endgroup]
2026-07-17T16:58:14.2709454Z ##[group]Run rustc +stable --version --verbose
2026-07-17T16:58:14.2710486Z  [36;1mrustc +stable --version --verbose [0m
2026-07-17T16:58:14.2720624Z shell: C:\Program Files\Git\bin\bash.EXE --noprofile --norc -e -o pipefail {0}
2026-07-17T16:58:14.2721271Z env:
2026-07-17T16:58:14.2721463Z   CARGO_HOME: C:\Users\runneradmin\.cargo
2026-07-17T16:58:14.2721722Z   CARGO_INCREMENTAL: 0
2026-07-17T16:58:14.2721921Z   CARGO_TERM_COLOR: always
2026-07-17T16:58:14.2722123Z ##[endgroup]
2026-07-17T16:58:14.3531315Z rustc 1.97.1 (8bab26f4f 2026-07-14)
2026-07-17T16:58:14.3531603Z binary: rustc
2026-07-17T16:58:14.3531847Z commit-hash: 8bab26f4f68e0e26f0bb7960be334d5b520ea452
2026-07-17T16:58:14.3532147Z commit-date: 2026-07-14
2026-07-17T16:58:14.3532357Z host: x86_64-pc-windows-msvc
2026-07-17T16:58:14.3532678Z release: 1.97.1
2026-07-17T16:58:14.3534786Z LLVM version: 22.1.6
2026-07-17T16:58:14.3806016Z ##[group]Run cargo run -p py-relag --bin stub_gen
2026-07-17T16:58:14.3806441Z  [36;1mcargo run -p py-relag --bin stub_gen [0m
2026-07-17T16:58:14.3864312Z shell: C:\Program Files\PowerShell\7\pwsh.EXE -command ". '{0}'"
2026-07-17T16:58:14.3864646Z env:
2026-07-17T16:58:14.3864843Z   CARGO_HOME: C:\Users\runneradmin\.cargo
2026-07-17T16:58:14.3865099Z   CARGO_INCREMENTAL: 0
2026-07-17T16:58:14.3865295Z   CARGO_TERM_COLOR: always
2026-07-17T16:58:14.3865497Z ##[endgroup]
2026-07-17T16:58:16.0165790Z  [1m [92m    Updating [0m git repository `https://github.com/anthol42/libparasail-sys`
2026-07-17T16:58:16.1943752Z  [1m [92m    Updating [0m git submodule `https://github.com/nsbuitrago/parasail`
2026-07-17T16:58:21.2836995Z  [1m [92m    Updating [0m git repository `https://github.com/anthol42/libusalign-sys`
2026-07-17T16:58:21.4348619Z  [1m [92m    Updating [0m git submodule `https://github.com/pylelab/USalign`
2026-07-17T16:58:21.7699308Z  [1m [92m    Updating [0m crates.io index
2026-07-17T16:58:23.8054226Z  [1m [92m Downloading [0m crates ...
2026-07-17T16:58:23.9255040Z  [1m [92m  Downloaded [0m adler2 v2.0.1
2026-07-17T16:58:23.9384661Z  [1m [92m  Downloaded [0m anyhow v1.0.102
2026-07-17T16:58:23.9806154Z  [1m [92m  Downloaded [0m anstyle-query v1.1.5
2026-07-17T16:58:24.0030221Z  [1m [92m  Downloaded [0m anstyle-wincon v3.0.11
2026-07-17T16:58:24.0199587Z  [1m [92m  Downloaded [0m anstyle v1.0.14
2026-07-17T16:58:24.0329566Z  [1m [92m  Downloaded [0m aho-corasick v1.1.4
2026-07-17T16:58:24.0827587Z  [1m [92m  Downloaded [0m anstream v1.0.0
2026-07-17T16:58:24.1015000Z  [1m [92m  Downloaded [0m ahash v0.8.12
2026-07-17T16:58:24.1224202Z  [1m [92m  Downloaded [0m allocator-api2 v0.2.21
2026-07-17T16:58:24.1455105Z  [1m [92m  Downloaded [0m anstyle-parse v1.0.0
2026-07-17T16:58:24.1573192Z  [1m [92m  Downloaded [0m prettyplease v0.2.37
2026-07-17T16:58:24.1933056Z  [1m [92m  Downloaded [0m os_pipe v1.2.3
2026-07-17T16:58:24.2073536Z  [1m [92m  Downloaded [0m parking_lot_core v0.9.12
2026-07-17T16:58:24.2308294Z  [1m [92m  Downloaded [0m quick_cache v0.6.21
2026-07-17T16:58:24.2570028Z  [1m [92m  Downloaded [0m phf v0.11.3
2026-07-17T16:58:24.2729832Z  [1m [92m  Downloaded [0m rawpointer v0.2.1
2026-07-17T16:58:24.2822793Z  [1m [92m  Downloaded [0m quote v1.0.45
2026-07-17T16:58:24.3178021Z  [1m [92m  Downloaded [0m rand_chacha v0.3.1
2026-07-17T16:58:24.3294127Z  [1m [92m  Downloaded [0m ordered-float v5.3.0
2026-07-17T16:58:24.3486146Z  [1m [92m  Downloaded [0m parking_lot v0.12.5
2026-07-17T16:58:24.3728070Z  [1m [92m  Downloaded [0m rayon-core v1.13.0
2026-07-17T16:58:24.4142685Z  [1m [92m  Downloaded [0m rand_core v0.6.4
2026-07-17T16:58:24.4258826Z  [1m [92m  Downloaded [0m crossterm v0.29.0
2026-07-17T16:58:24.5027669Z  [1m [92m  Downloaded [0m parasail-rs v0.9.0
2026-07-17T16:58:24.5253049Z  [1m [92m  Downloaded [0m rand_core v0.10.1
2026-07-17T16:58:24.5445636Z  [1m [92m  Downloaded [0m bit-set v0.8.0
2026-07-17T16:58:24.5589518Z  [1m [92m  Downloaded [0m clap_builder v4.6.0
2026-07-17T16:58:24.6239310Z  [1m [92m  Downloaded [0m colorchoice v1.0.5
2026-07-17T16:58:24.6377496Z  [1m [92m  Downloaded [0m pyo3-ffi v0.28.3
2026-07-17T16:58:24.7232642Z  [1m [92m  Downloaded [0m rand v0.8.5
2026-07-17T16:58:24.7612039Z  [1m [92m  Downloaded [0m is-macro v0.3.7
2026-07-17T16:58:24.7728665Z  [1m [92m  Downloaded [0m regex v1.12.3
2026-07-17T16:58:24.8241834Z  [1m [92m  Downloaded [0m either v1.15.0
2026-07-17T16:58:24.8420377Z  [1m [92m  Downloaded [0m clap_complete v4.6.2
2026-07-17T16:58:24.9185625Z  [1m [92m  Downloaded [0m find-msvc-tools v0.1.9
2026-07-17T16:58:25.2692332Z  [1m [92m  Downloaded [0m fixedbitset v0.5.7
2026-07-17T16:58:25.2846866Z  [1m [92m  Downloaded [0m clang-sys v1.8.1
2026-07-17T16:58:25.3156880Z  [1m [92m  Downloaded [0m crossbeam-deque v0.8.6
2026-07-17T16:58:25.3272014Z  [1m [92m  Downloaded [0m flate2 v1.1.9
2026-07-17T16:58:25.3781781Z  [1m [92m  Downloaded [0m foldhash v0.2.0
2026-07-17T16:58:25.3900609Z  [1m [92m  Downloaded [0m time-core v0.1.8
2026-07-17T16:58:25.3999614Z  [1m [92m  Downloaded [0m clap_lex v1.1.0
2026-07-17T16:58:25.4108832Z  [1m [92m  Downloaded [0m num-complex v0.4.6
2026-07-17T16:58:25.4244740Z  [1m [92m  Downloaded [0m crossbeam-utils v0.8.21
2026-07-17T16:58:25.4708895Z  [1m [92m  Downloaded [0m fancy-regex v0.17.0
2026-07-17T16:58:25.5123769Z  [1m [92m  Downloaded [0m getrandom v0.3.4
2026-07-17T16:58:25.5505695Z  [1m [92m  Downloaded [0m indexmap v2.14.0
2026-07-17T16:58:25.5876716Z  [1m [92m  Downloaded [0m crunchy v0.2.4
2026-07-17T16:58:25.6014885Z  [1m [92m  Downloaded [0m hashbrown v0.15.5
2026-07-17T16:58:25.6365197Z  [1m [92m  Downloaded [0m rustc_version v0.4.1
2026-07-17T16:58:25.6548946Z  [1m [92m  Downloaded [0m serde_spanned v1.1.1
2026-07-17T16:58:25.6643043Z  [1m [92m  Downloaded [0m stdio-override v0.2.0
2026-07-17T16:58:25.6753169Z  [1m [92m  Downloaded [0m unicode_names2_generator v1.3.0
2026-07-17T16:58:25.6844586Z  [1m [92m  Downloaded [0m bit-vec v0.8.0
2026-07-17T16:58:25.6969735Z  [1m [92m  Downloaded [0m nom v7.1.3
2026-07-17T16:58:25.7421317Z  [1m [92m  Downloaded [0m cexpr v0.6.0
2026-07-17T16:58:25.7642889Z  [1m [92m  Downloaded [0m chacha20 v0.10.0
2026-07-17T16:58:25.7899980Z  [1m [92m  Downloaded [0m encode_unicode v1.0.0
2026-07-17T16:58:25.8217428Z  [1m [92m  Downloaded [0m hashbrown v0.17.0
2026-07-17T16:58:25.8607079Z  [1m [92m  Downloaded [0m itertools v0.11.0
2026-07-17T16:58:25.9542314Z  [1m [92m  Downloaded [0m num-bigint v0.4.6
2026-07-17T16:58:26.0113080Z  [1m [92m  Downloaded [0m powerfmt v0.2.0
2026-07-17T16:58:26.0377684Z  [1m [92m  Downloaded [0m siphasher v1.0.2
2026-07-17T16:58:26.0592620Z  [1m [92m  Downloaded [0m unty v0.0.4
2026-07-17T16:58:26.0726292Z  [1m [92m  Downloaded [0m cpufeatures v0.3.0
2026-07-17T16:58:26.0880144Z  [1m [92m  Downloaded [0m equivalent v1.0.2
2026-07-17T16:58:26.1006310Z  [1m [92m  Downloaded [0m clap_derive v4.6.1
2026-07-17T16:58:26.1211241Z  [1m [92m  Downloaded [0m convert_case v0.10.0
2026-07-17T16:58:26.1356910Z  [1m [92m  Downloaded [0m getrandom v0.4.2
2026-07-17T16:58:26.1830639Z  [1m [92m  Downloaded [0m litrs v1.0.0
2026-07-17T16:58:26.2158400Z  [1m [92m  Downloaded [0m bincode_derive v2.0.1
2026-07-17T16:58:26.8577793Z  [1m [92m  Downloaded [0m inventory v0.3.24
2026-07-17T16:58:26.8786254Z  [1m [92m  Downloaded [0m rustc-hash v1.1.0
2026-07-17T16:58:26.8887001Z  [1m [92m  Downloaded [0m rustpython-parser-core v0.4.0
2026-07-17T16:58:26.8981955Z  [1m [92m  Downloaded [0m scopeguard v1.2.0
2026-07-17T16:58:26.9110298Z  [1m [92m  Downloaded [0m windows-link v0.2.1
2026-07-17T16:58:26.9201390Z  [1m [92m  Downloaded [0m autocfg v1.5.0
2026-07-17T16:58:26.9404290Z  [1m [92m  Downloaded [0m fixedbitset v0.4.2
2026-07-17T16:58:26.9528307Z  [1m [92m  Downloaded [0m foldhash v0.1.5
2026-07-17T16:58:26.9633418Z  [1m [92m  Downloaded [0m indicatif v0.17.11
2026-07-17T16:58:26.9951974Z  [1m [92m  Downloaded [0m number_prefix v0.4.0
2026-07-17T16:58:27.0027924Z  [1m [92m  Downloaded [0m once_cell_polyfill v1.70.2
2026-07-17T16:58:27.0149850Z  [1m [92m  Downloaded [0m bindgen v0.71.1
2026-07-17T16:58:27.0717254Z  [1m [92m  Downloaded [0m cc v1.2.60
2026-07-17T16:58:27.1056239Z  [1m [92m  Downloaded [0m derive_more v2.1.1
2026-07-17T16:58:27.3199860Z  [1m [92m  Downloaded [0m num-rational v0.4.2
2026-07-17T16:58:27.3300971Z  [1m [92m  Downloaded [0m cfg-if v1.0.4
2026-07-17T16:58:27.3433429Z  [1m [92m  Downloaded [0m heck v0.5.0
2026-07-17T16:58:27.3594425Z  [1m [92m  Downloaded [0m memchr v2.8.0
2026-07-17T16:58:27.4034957Z  [1m [92m  Downloaded [0m clap v4.6.1
2026-07-17T16:58:27.5350859Z  [1m [92m  Downloaded [0m crossterm_winapi v0.9.1
2026-07-17T16:58:27.5567052Z  [1m [92m  Downloaded [0m once_cell v1.21.4
2026-07-17T16:58:27.5862688Z  [1m [92m  Downloaded [0m pyo3-stub-gen v0.22.1
2026-07-17T16:58:28.6973646Z  [1m [92m  Downloaded [0m cmake v0.1.58
2026-07-17T16:58:28.7079473Z  [1m [92m  Downloaded [0m bincode v2.0.1
2026-07-17T16:58:28.7606600Z  [1m [92m  Downloaded [0m lru v0.16.4
2026-07-17T16:58:28.7735441Z  [1m [92m  Downloaded [0m matrixmultiply v0.3.10
2026-07-17T16:58:28.8101577Z  [1m [92m  Downloaded [0m document-features v0.2.12
2026-07-17T16:58:28.8209884Z  [1m [92m  Downloaded [0m ndarray v0.17.2
2026-07-17T16:58:28.9171918Z  [1m [92m  Downloaded [0m is_terminal_polyfill v1.70.2
2026-07-17T16:58:28.9244867Z  [1m [92m  Downloaded [0m molprint-fp v0.1.0
2026-07-17T16:58:28.9355192Z  [1m [92m  Downloaded [0m miniz_oxide v0.8.9
2026-07-17T16:58:28.9538104Z  [1m [92m  Downloaded [0m pyo3-macros v0.28.3
2026-07-17T16:58:28.9605036Z  [1m [92m  Downloaded [0m semver v1.0.28
2026-07-17T16:58:29.1039047Z  [1m [92m  Downloaded [0m crc32fast v1.5.0
2026-07-17T16:58:29.1202515Z  [1m [92m  Downloaded [0m getopts v0.2.24
2026-07-17T16:58:29.1334149Z  [1m [92m  Downloaded [0m bitflags v2.11.1
2026-07-17T16:58:29.1779945Z  [1m [92m  Downloaded [0m crossbeam-epoch v0.9.18
2026-07-17T16:58:29.2033189Z  [1m [92m  Downloaded [0m hashbrown v0.16.1
2026-07-17T16:58:29.2384326Z  [1m [92m  Downloaded [0m glob v0.3.3
2026-07-17T16:58:29.2573568Z  [1m [92m  Downloaded [0m unic-ucd-version v0.9.0
2026-07-17T16:58:29.2664298Z  [1m [92m  Downloaded [0m utf8parse v0.2.2
2026-07-17T16:58:29.2811701Z  [1m [92m  Downloaded [0m lalrpop-util v0.20.2
2026-07-17T16:58:29.2883509Z  [1m [92m  Downloaded [0m num-conv v0.2.1
2026-07-17T16:58:29.2979930Z  [1m [92m  Downloaded [0m console v0.15.11
2026-07-17T16:58:29.3288304Z  [1m [92m  Downloaded [0m simd-adler32 v0.3.9
2026-07-17T16:58:29.3703648Z  [1m [92m  Downloaded [0m zmij v1.0.21
2026-07-17T16:58:29.3895522Z  [1m [92m  Downloaded [0m derive_more-impl v2.1.1
2026-07-17T16:58:29.4374361Z  [1m [92m  Downloaded [0m libloading v0.8.9
2026-07-17T16:58:29.9124542Z  [1m [92m  Downloaded [0m serde_derive v1.0.228
2026-07-17T16:58:29.9454768Z  [1m [92m  Downloaded [0m getrandom v0.2.17
2026-07-17T16:58:29.9764114Z  [1m [92m  Downloaded [0m num-integer v0.1.46
2026-07-17T16:58:29.9990137Z  [1m [92m  Downloaded [0m unic-char-property v0.9.0
2026-07-17T16:58:30.0216678Z  [1m [92m  Downloaded [0m deranged v0.5.8
2026-07-17T16:58:30.0313097Z  [1m [92m  Downloaded [0m itoa v1.0.18
2026-07-17T16:58:30.0513634Z  [1m [92m  Downloaded [0m phf_shared v0.11.3
2026-07-17T16:58:30.0590789Z  [1m [92m  Downloaded [0m numpy v0.28.0
2026-07-17T16:58:30.0922478Z  [1m [92m  Downloaded [0m maplit v1.0.2
2026-07-17T16:58:30.1033677Z  [1m [92m  Downloaded [0m chrono v0.4.44
2026-07-17T16:58:30.1589919Z  [1m [92m  Downloaded [0m bindgen v0.72.1
2026-07-17T16:58:30.2227636Z  [1m [92m  Downloaded [0m molprint-core v0.1.0
2026-07-17T16:58:30.2363756Z  [1m [92m  Downloaded [0m phf_codegen v0.11.3
2026-07-17T16:58:30.2485198Z  [1m [92m  Downloaded [0m strsim v0.11.1
2026-07-17T16:58:30.2611110Z  [1m [92m  Downloaded [0m windows-targets v0.52.6
2026-07-17T16:58:30.2687783Z  [1m [92m  Downloaded [0m pyo3-build-config v0.28.3
2026-07-17T16:58:30.2795846Z  [1m [92m  Downloaded [0m rustc-hash v2.1.2
2026-07-17T16:58:30.2908500Z  [1m [92m  Downloaded [0m unic-char-range v0.9.0
2026-07-17T16:58:30.3079812Z  [1m [92m  Downloaded [0m log v0.4.29
2026-07-17T16:58:30.3330048Z  [1m [92m  Downloaded [0m version_check v0.9.5
2026-07-17T16:58:30.3439741Z  [1m [92m  Downloaded [0m memmap2 v0.9.10
2026-07-17T16:58:30.6269067Z  [1m [92m  Downloaded [0m thiserror-impl v2.0.18
2026-07-17T16:58:30.6459315Z  [1m [92m  Downloaded [0m static_assertions v1.1.0
2026-07-17T16:58:30.6677912Z  [1m [92m  Downloaded [0m target-lexicon v0.13.5
2026-07-17T16:58:30.6834651Z  [1m [92m  Downloaded [0m time-macros v0.2.27
2026-07-17T16:58:30.7034179Z  [1m [92m  Downloaded [0m tiny-keccak v2.0.2
2026-07-17T16:58:30.7293245Z  [1m [92m  Downloaded [0m proc-macro2 v1.0.106
2026-07-17T16:58:30.8917140Z  [1m [92m  Downloaded [0m pyo3-macros-backend v0.28.3
2026-07-17T16:58:30.9111136Z  [1m [92m  Downloaded [0m toml_parser v1.1.2+spec-1.1.0
2026-07-17T16:58:30.9308477Z  [1m [92m  Downloaded [0m itertools v0.14.0
2026-07-17T16:58:30.9880011Z  [1m [92m  Downloaded [0m pyo3-stub-gen-derive v0.22.1
2026-07-17T16:58:31.0271465Z  [1m [92m  Downloaded [0m toml v1.1.2+spec-1.1.0
2026-07-17T16:58:31.0600834Z  [1m [92m  Downloaded [0m unicode-ident v1.0.24
2026-07-17T16:58:31.0860125Z  [1m [92m  Downloaded [0m molprint-io v0.1.0
2026-07-17T16:58:31.0934308Z  [1m [92m  Downloaded [0m num-traits v0.2.19
2026-07-17T16:58:31.1150279Z  [1m [92m  Downloaded [0m rand v0.10.1
2026-07-17T16:58:31.1431611Z  [1m [92m  Downloaded [0m rustpython-ast v0.4.0
2026-07-17T16:58:31.1589225Z  [1m [92m  Downloaded [0m serde v1.0.228
2026-07-17T16:58:31.1840953Z  [1m [92m  Downloaded [0m toml_writer v1.1.1+spec-1.1.0
2026-07-17T16:58:31.1947591Z  [1m [92m  Downloaded [0m libc v0.2.185
2026-07-17T16:58:31.4537195Z  [1m [92m  Downloaded [0m mimalloc v0.1.48
2026-07-17T16:58:31.4631600Z  [1m [92m  Downloaded [0m libmimalloc-sys v0.1.44
2026-07-17T16:58:31.5713436Z  [1m [92m  Downloaded [0m unicode-segmentation v1.13.2
2026-07-17T16:58:31.5856797Z  [1m [92m  Downloaded [0m rustpython-parser v0.4.0
2026-07-17T16:58:31.7258651Z  [1m [92m  Downloaded [0m time v0.3.47
2026-07-17T16:58:32.3298143Z  [1m [92m  Downloaded [0m rayon v1.12.0
2026-07-17T16:58:32.4175306Z  [1m [92m  Downloaded [0m regex-automata v0.4.14
2026-07-17T16:58:32.4922618Z  [1m [92m  Downloaded [0m serde_json v1.0.149
2026-07-17T16:58:32.5546793Z  [1m [92m  Downloaded [0m winnow v1.0.1
2026-07-17T16:58:32.6301597Z  [1m [92m  Downloaded [0m portable-atomic v1.13.1
2026-07-17T16:58:32.6823560Z  [1m [92m  Downloaded [0m rustpython-parser-vendored v0.4.0
2026-07-17T16:58:32.7008538Z  [1m [92m  Downloaded [0m unicode-width v0.2.2
2026-07-17T16:58:32.7164782Z  [1m [92m  Downloaded [0m unicode_names2 v1.3.0
2026-07-17T16:58:32.7362478Z  [1m [92m  Downloaded [0m zerocopy v0.8.48
2026-07-17T16:58:32.9383178Z  [1m [92m  Downloaded [0m regex-syntax v0.8.10
2026-07-17T16:58:32.9768637Z  [1m [92m  Downloaded [0m petgraph v0.8.3
2026-07-17T16:58:33.0934587Z  [1m [92m  Downloaded [0m ppv-lite86 v0.2.21
2026-07-17T16:58:33.1029417Z  [1m [92m  Downloaded [0m minimal-lexical v0.2.1
2026-07-17T16:58:33.1476190Z  [1m [92m  Downloaded [0m windows_x86_64_msvc v0.52.6
2026-07-17T16:58:33.1665743Z  [1m [92m  Downloaded [0m lock_api v0.4.14
2026-07-17T16:58:33.1749558Z  [1m [92m  Downloaded [0m winapi v0.3.9
2026-07-17T16:58:33.9020171Z  [1m [92m  Downloaded [0m rich_rust v0.2.1
2026-07-17T16:58:34.1102279Z  [1m [92m  Downloaded [0m unic-emoji-char v0.9.0
2026-07-17T16:58:34.1284826Z  [1m [92m  Downloaded [0m thiserror v2.0.18
2026-07-17T16:58:34.2191470Z  [1m [92m  Downloaded [0m toml_datetime v1.1.1+spec-1.1.0
2026-07-17T16:58:34.2277835Z  [1m [92m  Downloaded [0m pyo3 v0.28.3
2026-07-17T16:58:34.4389967Z  [1m [92m  Downloaded [0m windows-sys v0.61.2
2026-07-17T16:58:35.0804552Z  [1m [92m  Downloaded [0m pkg-config v0.3.33
2026-07-17T16:58:35.0919438Z  [1m [92m  Downloaded [0m petgraph v0.6.5
2026-07-17T16:58:35.1763747Z  [1m [92m  Downloaded [0m unic-common v0.9.0
2026-07-17T16:58:35.1826152Z  [1m [92m  Downloaded [0m virtue v0.0.18
2026-07-17T16:58:35.2039814Z  [1m [92m  Downloaded [0m serde_core v1.0.228
2026-07-17T16:58:35.2250407Z  [1m [92m  Downloaded [0m syn v2.0.117
2026-07-17T16:58:35.3087992Z  [1m [92m  Downloaded [0m shlex v1.3.0
2026-07-17T16:58:35.3181880Z  [1m [92m  Downloaded [0m unic-ucd-ident v0.9.0
2026-07-17T16:58:35.3327416Z  [1m [92m  Downloaded [0m windows-sys v0.59.0
2026-07-17T16:58:35.6053970Z  [1m [92m  Downloaded [0m phf_generator v0.11.3
2026-07-17T16:58:35.6140479Z  [1m [92m  Downloaded [0m smallvec v1.15.1
2026-07-17T16:58:35.8349896Z  [1m [92m   Compiling [0m proc-macro2 v1.0.106
2026-07-17T16:58:35.8350509Z  [1m [92m   Compiling [0m quote v1.0.45
2026-07-17T16:58:35.8351341Z  [1m [92m   Compiling [0m unicode-ident v1.0.24
2026-07-17T16:58:35.8351834Z  [1m [92m   Compiling [0m cfg-if v1.0.4
2026-07-17T16:58:35.8942743Z  [1m [92m   Compiling [0m windows-link v0.2.1
2026-07-17T16:58:35.9447530Z  [1m [92m   Compiling [0m memchr v2.8.0
2026-07-17T16:58:35.9513839Z  [1m [92m   Compiling [0m autocfg v1.5.0
2026-07-17T16:58:36.4084836Z  [1m [92m   Compiling [0m zerocopy v0.8.48
2026-07-17T16:58:36.8857467Z  [1m [92m   Compiling [0m num-traits v0.2.19
2026-07-17T16:58:38.0560133Z  [1m [92m   Compiling [0m once_cell v1.21.4
2026-07-17T16:58:38.2409564Z  [1m [92m   Compiling [0m target-lexicon v0.13.5
2026-07-17T16:58:38.3402339Z  [1m [92m   Compiling [0m log v0.4.29
2026-07-17T16:58:39.2364339Z  [1m [92m   Compiling [0m syn v2.0.117
2026-07-17T16:58:39.3214883Z  [1m [92m   Compiling [0m serde_core v1.0.228
2026-07-17T16:58:39.7104373Z  [1m [92m   Compiling [0m siphasher v1.0.2
2026-07-17T16:58:40.1192230Z  [1m [92m   Compiling [0m pyo3-build-config v0.28.3
2026-07-17T16:58:41.1197367Z  [1m [92m   Compiling [0m getrandom v0.2.17
2026-07-17T16:58:41.2775484Z  [1m [92m   Compiling [0m heck v0.5.0
2026-07-17T16:58:41.5708516Z  [1m [92m   Compiling [0m shlex v1.3.0
2026-07-17T16:58:41.7905171Z  [1m [92m   Compiling [0m rand_core v0.6.4
2026-07-17T16:58:42.9467614Z  [1m [92m   Compiling [0m glob v0.3.3
2026-07-17T16:58:43.4488914Z  [1m [92m   Compiling [0m ppv-lite86 v0.2.21
2026-07-17T16:58:43.4528309Z  [1m [92m   Compiling [0m clang-sys v1.8.1
2026-07-17T16:58:43.8159601Z  [1m [92m   Compiling [0m phf_shared v0.11.3
2026-07-17T16:58:43.9342148Z  [1m [92m   Compiling [0m rand_chacha v0.3.1
2026-07-17T16:58:44.0163632Z  [1m [92m   Compiling [0m either v1.15.0
2026-07-17T16:58:44.2634746Z  [1m [92m   Compiling [0m prettyplease v0.2.37
2026-07-17T16:58:44.3305612Z  [1m [92m   Compiling [0m find-msvc-tools v0.1.9
2026-07-17T16:58:44.4943926Z  [1m [92m   Compiling [0m unicode-width v0.2.2
2026-07-17T16:58:44.5984998Z  [1m [92m   Compiling [0m itertools v0.11.0
2026-07-17T16:58:44.8170194Z  [1m [92m   Compiling [0m rand v0.8.5
2026-07-17T16:58:45.5160750Z  [1m [92m   Compiling [0m cc v1.2.60
2026-07-17T16:58:45.7885502Z  [1m [92m   Compiling [0m serde v1.0.228
2026-07-17T16:58:46.1359789Z  [1m [92m   Compiling [0m libc v0.2.185
2026-07-17T16:58:46.3625020Z  [1m [92m   Compiling [0m equivalent v1.0.2
2026-07-17T16:58:46.4682446Z  [1m [92m   Compiling [0m phf_generator v0.11.3
2026-07-17T16:58:46.6956493Z  [1m [92m   Compiling [0m rustc-hash v2.1.2
2026-07-17T16:58:46.7987008Z  [1m [92m   Compiling [0m minimal-lexical v0.2.1
2026-07-17T16:58:46.8243580Z  [1m [92m   Compiling [0m serde_derive v1.0.228
2026-07-17T16:58:47.0856390Z  [1m [92m   Compiling [0m bitflags v2.11.1
2026-07-17T16:58:47.0959614Z  [1m [92m   Compiling [0m regex-syntax v0.8.10
2026-07-17T16:58:47.4017325Z  [1m [92m   Compiling [0m nom v7.1.3
2026-07-17T16:58:47.6841299Z  [1m [92m   Compiling [0m phf_codegen v0.11.3
2026-07-17T16:58:47.8055991Z  [1m [92m   Compiling [0m libloading v0.8.9
2026-07-17T16:58:49.6708951Z  [1m [92m   Compiling [0m regex-automata v0.4.14
2026-07-17T16:58:49.9568180Z  [1m [92m   Compiling [0m cexpr v0.6.0
2026-07-17T16:58:52.4879967Z  [1m [92m   Compiling [0m regex v1.12.3
2026-07-17T16:58:52.9193769Z  [1m [92m   Compiling [0m smallvec v1.15.1
2026-07-17T16:58:53.0232494Z  [1m [92m   Compiling [0m getopts v0.2.24
2026-07-17T16:58:53.0800694Z  [1m [92m   Compiling [0m num-integer v0.1.46
2026-07-17T16:58:53.2009691Z  [1m [92m   Compiling [0m windows-sys v0.61.2
2026-07-17T16:58:53.5069859Z  [1m [92m   Compiling [0m crunchy v0.2.4
2026-07-17T16:58:53.5810020Z  [1m [92m   Compiling [0m hashbrown v0.17.0
2026-07-17T16:58:53.8060867Z  [1m [92m   Compiling [0m unicode_names2_generator v1.3.0
2026-07-17T16:58:54.4152156Z  [1m [92m   Compiling [0m indexmap v2.14.0
2026-07-17T16:58:54.7029498Z  [1m [92m   Compiling [0m tiny-keccak v2.0.2
2026-07-17T16:58:54.8034774Z  [1m [92m   Compiling [0m version_check v0.9.5
2026-07-17T16:58:54.8200595Z  [1m [92m   Compiling [0m getrandom v0.3.4
2026-07-17T16:58:54.8841941Z  [1m [92m   Compiling [0m anyhow v1.0.102
2026-07-17T16:58:55.2215788Z  [1m [92m   Compiling [0m ahash v0.8.12
2026-07-17T16:58:55.2496417Z  [1m [92m   Compiling [0m unicode_names2 v1.3.0
2026-07-17T16:58:55.3546125Z  [1m [92m   Compiling [0m is-macro v0.3.7
2026-07-17T16:58:55.4011449Z  [1m [92m   Compiling [0m rustpython-parser-vendored v0.4.0
2026-07-17T16:58:55.4451906Z  [1m [92m   Compiling [0m bindgen v0.72.1
2026-07-17T16:58:55.6025859Z  [1m [92m   Compiling [0m windows_x86_64_msvc v0.52.6
2026-07-17T16:58:55.7284155Z  [1m [92m   Compiling [0m crossbeam-utils v0.8.21
2026-07-17T16:58:55.8423296Z  [1m [92m   Compiling [0m unicode-segmentation v1.13.2
2026-07-17T16:58:55.8907067Z  [1m [92m   Compiling [0m unic-char-range v0.9.0
2026-07-17T16:58:56.0201132Z  [1m [92m   Compiling [0m unic-common v0.9.0
2026-07-17T16:58:56.0610234Z  [1m [92m   Compiling [0m winapi v0.3.9
2026-07-17T16:58:56.0700719Z  [1m [92m   Compiling [0m parking_lot_core v0.9.12
2026-07-17T16:58:56.1191896Z  [1m [92m   Compiling [0m unic-ucd-version v0.9.0
2026-07-17T16:58:56.1988681Z  [1m [92m   Compiling [0m rustpython-parser-core v0.4.0
2026-07-17T16:58:56.3576972Z  [1m [92m   Compiling [0m convert_case v0.10.0
2026-07-17T16:58:56.4556219Z  [1m [92m   Compiling [0m unic-char-property v0.9.0
2026-07-17T16:58:56.8679686Z  [1m [92m   Compiling [0m num-bigint v0.4.6
2026-07-17T16:58:56.8756903Z  [1m [92m   Compiling [0m pyo3-macros-backend v0.28.3
2026-07-17T16:58:57.0833704Z  [1m [92m   Compiling [0m pyo3-ffi v0.28.3
2026-07-17T16:58:57.2380553Z  [1m [92m   Compiling [0m matrixmultiply v0.3.10
2026-07-17T16:58:57.3981215Z  [1m [92m   Compiling [0m anstyle v1.0.14
2026-07-17T16:58:57.6643393Z  [1m [92m   Compiling [0m utf8parse v0.2.2
2026-07-17T16:58:57.6930756Z  [1m [92m   Compiling [0m bindgen v0.71.1
2026-07-17T16:58:57.7556772Z  [1m [92m   Compiling [0m thiserror v2.0.18
2026-07-17T16:58:57.9556214Z  [1m [92m   Compiling [0m scopeguard v1.2.0
2026-07-17T16:58:58.0580343Z  [1m [92m   Compiling [0m static_assertions v1.1.0
2026-07-17T16:58:58.1737443Z  [1m [92m   Compiling [0m once_cell_polyfill v1.70.2
2026-07-17T16:58:58.2773434Z  [1m [92m   Compiling [0m anstyle-wincon v3.0.11
2026-07-17T16:58:58.3007158Z  [1m [92m   Compiling [0m lock_api v0.4.14
2026-07-17T16:58:58.5943828Z  [1m [92m   Compiling [0m anstyle-parse v1.0.0
2026-07-17T16:58:58.6525818Z  [1m [92m   Compiling [0m rustpython-parser v0.4.0
2026-07-17T16:58:59.0908953Z  [1m [92m   Compiling [0m derive_more-impl v2.1.1
2026-07-17T16:59:00.5968119Z  [1m [92m   Compiling [0m anstyle-query v1.1.5
2026-07-17T16:59:00.7468717Z  [1m [92m   Compiling [0m thiserror-impl v2.0.18
2026-07-17T16:59:01.1693400Z  [1m [92m   Compiling [0m cmake v0.1.58
2026-07-17T16:59:01.9705469Z  [1m [92m   Compiling [0m aho-corasick v1.1.4
2026-07-17T16:59:02.3896403Z  [1m [92m   Compiling [0m allocator-api2 v0.2.21
2026-07-17T16:59:02.5958851Z  [1m [92m   Compiling [0m pkg-config v0.3.33
2026-07-17T16:59:02.8686783Z  [1m [92m   Compiling [0m colorchoice v1.0.5
2026-07-17T16:59:03.3473388Z  [1m [92m   Compiling [0m crc32fast v1.5.0
2026-07-17T16:59:03.6415446Z  [1m [92m   Compiling [0m fixedbitset v0.4.2
2026-07-17T16:59:03.9448527Z  [1m [92m   Compiling [0m is_terminal_polyfill v1.70.2
2026-07-17T16:59:04.0195848Z  [1m [92m   Compiling [0m powerfmt v0.2.0
2026-07-17T16:59:04.2776967Z  [1m [92m   Compiling [0m foldhash v0.2.0
2026-07-17T16:59:04.4733508Z  [1m [92m   Compiling [0m rawpointer v0.2.1
2026-07-17T16:59:04.5469937Z  [1m [92m   Compiling [0m itoa v1.0.18
2026-07-17T16:59:06.3129846Z  [1m [92m   Compiling [0m hashbrown v0.16.1
2026-07-17T16:59:07.1493218Z  [1m [92m   Compiling [0m deranged v0.5.8
2026-07-17T16:59:08.2427466Z  [1m [92m   Compiling [0m anstream v1.0.0
2026-07-17T16:59:08.4756303Z  [1m [92m   Compiling [0m libparasail-sys v0.2.0 (https://github.com/anthol42/libparasail-sys?branch=main#e9b1043c)
2026-07-17T16:59:08.7308856Z  [1m [92m   Compiling [0m petgraph v0.6.5
2026-07-17T16:59:09.2976753Z  [1m [92m   Compiling [0m derive_more v2.1.1
2026-07-17T16:59:09.3647191Z  [1m [92m   Compiling [0m crossbeam-epoch v0.9.18
2026-07-17T16:59:09.8765462Z  [1m [92m   Compiling [0m parking_lot v0.12.5
2026-07-17T16:59:10.6353604Z  [1m [92m   Compiling [0m windows-targets v0.52.6
2026-07-17T16:59:11.3921565Z  [1m [92m   Compiling [0m unic-ucd-ident v0.9.0
2026-07-17T16:59:11.5990446Z  [1m [92m   Compiling [0m unic-emoji-char v0.9.0
2026-07-17T16:59:11.8066496Z  [1m [92m   Compiling [0m libmimalloc-sys v0.1.44
2026-07-17T16:59:12.0858481Z  [1m [92m   Compiling [0m pyo3 v0.28.3
2026-07-17T16:59:12.3286038Z  [1m [92m   Compiling [0m phf v0.11.3
2026-07-17T16:59:12.7150019Z  [1m [92m   Compiling [0m num-complex v0.4.6
2026-07-17T16:59:13.3400254Z  [1m [92m   Compiling [0m zmij v1.0.21
2026-07-17T16:59:13.6360457Z  [1m [92m   Compiling [0m rustc-hash v1.1.0
2026-07-17T16:59:13.7215866Z  [1m [92m   Compiling [0m portable-atomic v1.13.1
2026-07-17T16:59:14.2971464Z  [1m [92m   Compiling [0m bit-vec v0.8.0
2026-07-17T16:59:14.6026397Z  [1m [92m   Compiling [0m rayon-core v1.13.0
2026-07-17T16:59:14.7903866Z  [1m [92m   Compiling [0m num-conv v0.2.1
2026-07-17T16:59:14.9491714Z  [1m [92m   Compiling [0m clap_lex v1.1.0
2026-07-17T16:59:15.2976094Z  [1m [92m   Compiling [0m rand_core v0.10.1
2026-07-17T16:59:15.4575406Z  [1m [92m   Compiling [0m strsim v0.11.1
2026-07-17T16:59:16.0878530Z  [1m [92m   Compiling [0m time-core v0.1.8
2026-07-17T16:59:16.2520500Z  [1m [92m   Compiling [0m simd-adler32 v0.3.9
2026-07-17T16:59:16.4794165Z  [1m [92m   Compiling [0m getrandom v0.4.2
2026-07-17T16:59:16.5254972Z  [1m [92m   Compiling [0m adler2 v2.0.1
2026-07-17T16:59:16.6558825Z  [1m [92m   Compiling [0m lalrpop-util v0.20.2
2026-07-17T16:59:16.7362446Z  [1m [92m   Compiling [0m litrs v1.0.0
2026-07-17T16:59:16.8829967Z  [1m [92m   Compiling [0m miniz_oxide v0.8.9
2026-07-17T16:59:17.4764772Z  [1m [92m   Compiling [0m document-features v0.2.12
2026-07-17T16:59:17.4845504Z  [1m [92m   Compiling [0m pyo3-macros v0.28.3
2026-07-17T16:59:18.0828877Z  [1m [92m   Compiling [0m time v0.3.47
2026-07-17T16:59:18.1575428Z  [1m [92m   Compiling [0m clap_builder v4.6.0
2026-07-17T16:59:18.6152436Z  [1m [92m   Compiling [0m bit-set v0.8.0
2026-07-17T16:59:18.8655138Z  [1m [92m   Compiling [0m ndarray v0.17.2
2026-07-17T16:59:20.1240963Z  [1m [92m   Compiling [0m libusalign-sys v0.1.1 (https://github.com/anthol42/libusalign-sys?branch=main#6b1283c6)
2026-07-17T16:59:22.0479028Z  [1m [92m   Compiling [0m molprint-core v0.1.0
2026-07-17T16:59:23.2848990Z  [1m [92m   Compiling [0m windows-sys v0.59.0
2026-07-17T16:59:23.5794517Z  [1m [92m   Compiling [0m rustpython-ast v0.4.0
2026-07-17T16:59:23.6882289Z  [1m [92m   Compiling [0m crossbeam-deque v0.8.6
2026-07-17T16:59:24.7347376Z  [1m [92m   Compiling [0m crossterm_winapi v0.9.1
2026-07-17T16:59:25.5005812Z  [1m [92m   Compiling [0m clap_derive v4.6.1
2026-07-17T16:59:25.6990387Z  [1m [92m   Compiling [0m numpy v0.28.0
2026-07-17T16:59:25.8871512Z  [1m [92m   Compiling [0m foldhash v0.1.5
2026-07-17T16:59:26.0571252Z  [1m [92m   Compiling [0m virtue v0.0.18
2026-07-17T16:59:26.9099251Z  [1m [92m   Compiling [0m cpufeatures v0.3.0
2026-07-17T16:59:26.9636162Z  [1m [92m   Compiling [0m serde_json v1.0.149
2026-07-17T16:59:27.0744175Z  [1m [92m   Compiling [0m winnow v1.0.1
2026-07-17T16:59:27.1660828Z  [1m [92m   Compiling [0m encode_unicode v1.0.0
2026-07-17T16:59:27.5527834Z  [1m [92m   Compiling [0m console v0.15.11
2026-07-17T16:59:27.7595709Z  [1m [92m   Compiling [0m toml_parser v1.1.2+spec-1.1.0
2026-07-17T16:59:27.9379155Z  [1m [92m   Compiling [0m clap v4.6.1
2026-07-17T16:59:28.0187101Z  [1m [92m   Compiling [0m chacha20 v0.10.0
2026-07-17T16:59:28.3278045Z  [1m [92m   Compiling [0m bincode_derive v2.0.1
2026-07-17T16:59:28.6238638Z  [1m [92m   Compiling [0m hashbrown v0.15.5
2026-07-17T16:59:29.3647411Z  [1m [92m   Compiling [0m crossterm v0.29.0
2026-07-17T16:59:31.0579504Z  [1m [92m   Compiling [0m flate2 v1.1.9
2026-07-17T16:59:32.9830226Z  [1m [92m   Compiling [0m molprint-fp v0.1.0
2026-07-17T16:59:38.7328052Z  [1m [92m   Compiling [0m fancy-regex v0.17.0
2026-07-17T16:59:40.9168685Z  [1m [92m   Compiling [0m lru v0.16.4
2026-07-17T16:59:41.0994165Z  [1m [92m   Compiling [0m stdio-override v0.2.0
2026-07-17T16:59:41.1184522Z  [1m [92m   Compiling [0m num-rational v0.4.2
2026-07-17T16:59:43.9205589Z  [1m [92m   Compiling [0m os_pipe v1.2.3
2026-07-17T16:59:44.0791679Z  [1m [92m   Compiling [0m toml_datetime v1.1.1+spec-1.1.0
2026-07-17T16:59:44.5309695Z  [1m [92m   Compiling [0m serde_spanned v1.1.1
2026-07-17T16:59:44.6721637Z  [1m [92m   Compiling [0m unty v0.0.4
2026-07-17T16:59:44.7393213Z  [1m [92m   Compiling [0m toml_writer v1.1.1+spec-1.1.0
2026-07-17T16:59:44.8886749Z  [1m [92m   Compiling [0m number_prefix v0.4.0
2026-07-17T16:59:44.9910759Z  [1m [92m   Compiling [0m memmap2 v0.9.10
2026-07-17T16:59:45.0190801Z  [1m [92m   Compiling [0m fixedbitset v0.5.7
2026-07-17T16:59:45.2444165Z  [1m [92m   Compiling [0m molprint-io v0.1.0
2026-07-17T16:59:45.4767879Z  [1m [92m   Compiling [0m petgraph v0.8.3
2026-07-17T16:59:45.5211086Z  [1m [92m   Compiling [0m indicatif v0.17.11
2026-07-17T16:59:47.4735446Z  [1m [92m   Compiling [0m toml v1.1.2+spec-1.1.0
2026-07-17T16:59:48.6111436Z  [1m [92m   Compiling [0m bincode v2.0.1
2026-07-17T16:59:49.6986169Z  [1m [92m   Compiling [0m rich_rust v0.2.1
2026-07-17T16:59:59.1146553Z  [1m [92m   Compiling [0m rand v0.10.1
2026-07-17T17:00:00.0467924Z  [1m [92m   Compiling [0m pyo3-stub-gen-derive v0.22.1
2026-07-17T17:00:03.5811579Z  [1m [92m   Compiling [0m mimalloc v0.1.48
2026-07-17T17:00:03.6499643Z  [1m [92m   Compiling [0m rayon v1.12.0
2026-07-17T17:00:04.8896429Z  [1m [92m   Compiling [0m clap_complete v4.6.2
2026-07-17T17:00:05.6106893Z  [1m [92m   Compiling [0m quick_cache v0.6.21
2026-07-17T17:00:06.2479063Z  [1m [92m   Compiling [0m itertools v0.14.0
2026-07-17T17:00:06.4538406Z  [1m [92m   Compiling [0m ordered-float v5.3.0
2026-07-17T17:00:06.6258976Z  [1m [92m   Compiling [0m chrono v0.4.44
2026-07-17T17:00:06.8803653Z  [1m [92m   Compiling [0m maplit v1.0.2
2026-07-17T17:00:07.0010164Z  [1m [92m   Compiling [0m inventory v0.3.24
2026-07-17T17:00:08.3564543Z  [1m [92m   Compiling [0m pyo3-stub-gen v0.22.1
2026-07-17T17:01:48.3368853Z  [1m [92m   Compiling [0m parasail-rs v0.9.0
2026-07-17T17:01:48.5878040Z  [1m [92m   Compiling [0m relag v0.0.1 (D:\a\relag\relag\relag)
2026-07-17T17:01:49.8162560Z  [1m [92m   Compiling [0m py-relag v0.0.1 (D:\a\relag\relag\py)
2026-07-17T17:02:05.5314260Z  [1m [93mwarning [0m [1m [97m: linker stdout: LINK : warning LNK4098: defaultlib 'libcmt.lib' conflicts with use of other libs; use /NODEFAULTLIB:library [0m
2026-07-17T17:02:05.5315218Z    [1m [96m| [0m
2026-07-17T17:02:05.5315641Z    [1m [96m=  [0m [1m [97mnote [0m: `#[warn(linker_messages)]` on by default
2026-07-17T17:02:05.5315944Z 
2026-07-17T17:02:05.6714854Z  [1m [93mwarning [0m: `py-relag` (lib) generated 1 warning
2026-07-17T17:02:06.8540834Z  [1m [93mwarning [0m: `py-relag` (bin "stub_gen") generated 1 warning (1 duplicate)
2026-07-17T17:02:06.8541798Z  [1m [92m    Finished [0m `dev` profile [unoptimized + debuginfo] target(s) in 3m 50s
2026-07-17T17:02:06.9121683Z  [1m [92m     Running [0m `D:\a\relag\relag\target\debug\stub_gen.exe`
2026-07-17T17:02:07.1330888Z ##[group]Run pypa/cibuildwheel@v3.3
2026-07-17T17:02:07.1331296Z with:
2026-07-17T17:02:07.1331537Z   package-dir: py
2026-07-17T17:02:07.1331810Z   output-dir: wheelhouse
2026-07-17T17:02:07.1332074Z env:
2026-07-17T17:02:07.1332497Z   CARGO_HOME: C:\Users\runneradmin\.cargo
2026-07-17T17:02:07.1332808Z   CARGO_INCREMENTAL: 0
2026-07-17T17:02:07.1333041Z   CARGO_TERM_COLOR: always
2026-07-17T17:02:07.1333295Z   CIBW_MANYLINUX_X86_64_IMAGE: manylinux_2_28
2026-07-17T17:02:07.1333592Z   CIBW_BUILD: cp310-* cp311-* cp312-* cp313-* cp314-*
2026-07-17T17:02:07.1333896Z   CIBW_SKIP: *-win32 *-manylinux_i686 *-musllinux_*
2026-07-17T17:02:07.1334499Z   CIBW_BEFORE_ALL_LINUX: dnf install -y clang llvm-devel cmake && curl https://sh.rustup.rs -sSf | sh -s -- --default-toolchain stable -y

2026-07-17T17:02:07.1335272Z   CIBW_BEFORE_ALL_MACOS: brew install llvm && curl https://sh.rustup.rs -sSf | sh -s -- --default-toolchain stable -y

2026-07-17T17:02:07.1335902Z   CIBW_BEFORE_ALL_WINDOWS: choco install llvm -y && rustup default stable
2026-07-17T17:02:07.1336291Z   CIBW_ENVIRONMENT_LINUX: PATH=$HOME/.cargo/bin:$PATH
2026-07-17T17:02:07.1336828Z   CIBW_ENVIRONMENT_MACOS: PATH=$HOME/.cargo/bin:$PATH LIBCLANG_PATH=$(brew --prefix llvm)/lib MACOSX_DEPLOYMENT_TARGET=10.14
2026-07-17T17:02:07.1337545Z   CIBW_ENVIRONMENT_WINDOWS: LIBCLANG_PATH="C:\\Program Files\\LLVM\\bin" PATH="C:\\Program Files\\LLVM\\bin;$PATH"
2026-07-17T17:02:07.1338022Z   CIBW_TEST_REQUIRES: pytest numpy rdkit
2026-07-17T17:02:07.1338301Z   CIBW_TEST_COMMAND: pytest {project}/pytests -v
2026-07-17T17:02:07.1338576Z   CIBW_BUILD_VERBOSITY: 3
2026-07-17T17:02:07.1339148Z ##[endgroup]
2026-07-17T17:02:07.1478797Z ##[group]Run actions/setup-python@v6
2026-07-17T17:02:07.1479053Z with:
2026-07-17T17:02:07.1479250Z   python-version: 3.11 - 3.13
2026-07-17T17:02:07.1479489Z   update-environment: false
2026-07-17T17:02:07.1479713Z   check-latest: false
2026-07-17T17:02:07.1481906Z   token: ***
2026-07-17T17:02:07.1482120Z   allow-prereleases: false
2026-07-17T17:02:07.1482347Z   freethreaded: false
2026-07-17T17:02:07.1482535Z env:
2026-07-17T17:02:07.1482720Z   CARGO_HOME: C:\Users\runneradmin\.cargo
2026-07-17T17:02:07.1482974Z   CARGO_INCREMENTAL: 0
2026-07-17T17:02:07.1483186Z   CARGO_TERM_COLOR: always
2026-07-17T17:02:07.1483413Z   CIBW_MANYLINUX_X86_64_IMAGE: manylinux_2_28
2026-07-17T17:02:07.1483703Z   CIBW_BUILD: cp310-* cp311-* cp312-* cp313-* cp314-*
2026-07-17T17:02:07.1484006Z   CIBW_SKIP: *-win32 *-manylinux_i686 *-musllinux_*
2026-07-17T17:02:07.1484592Z   CIBW_BEFORE_ALL_LINUX: dnf install -y clang llvm-devel cmake && curl https://sh.rustup.rs -sSf | sh -s -- --default-toolchain stable -y

2026-07-17T17:02:07.1485341Z   CIBW_BEFORE_ALL_MACOS: brew install llvm && curl https://sh.rustup.rs -sSf | sh -s -- --default-toolchain stable -y

2026-07-17T17:02:07.1485898Z   CIBW_BEFORE_ALL_WINDOWS: choco install llvm -y && rustup default stable
2026-07-17T17:02:07.1486285Z   CIBW_ENVIRONMENT_LINUX: PATH=$HOME/.cargo/bin:$PATH
2026-07-17T17:02:07.1486825Z   CIBW_ENVIRONMENT_MACOS: PATH=$HOME/.cargo/bin:$PATH LIBCLANG_PATH=$(brew --prefix llvm)/lib MACOSX_DEPLOYMENT_TARGET=10.14
2026-07-17T17:02:07.1487535Z   CIBW_ENVIRONMENT_WINDOWS: LIBCLANG_PATH="C:\\Program Files\\LLVM\\bin" PATH="C:\\Program Files\\LLVM\\bin;$PATH"
2026-07-17T17:02:07.1488011Z   CIBW_TEST_REQUIRES: pytest numpy rdkit
2026-07-17T17:02:07.1488286Z   CIBW_TEST_COMMAND: pytest {project}/pytests -v
2026-07-17T17:02:07.1488558Z   CIBW_BUILD_VERBOSITY: 3
2026-07-17T17:02:07.1488763Z ##[endgroup]
2026-07-17T17:02:07.3102910Z ##[group]Installed versions
2026-07-17T17:02:07.3179656Z Successfully set up CPython (3.13.14)
2026-07-17T17:02:07.3180161Z ##[endgroup]
2026-07-17T17:02:07.3412653Z ##[group]Run # Install cibuildwheel
2026-07-17T17:02:07.3412976Z  [36;1m# Install cibuildwheel [0m
2026-07-17T17:02:07.3413351Z  [36;1m"C:\hostedtoolcache\windows\Python\3.13.14\x64\python.exe" -u << "EOF" [0m
2026-07-17T17:02:07.3415436Z  [36;1mimport os [0m
2026-07-17T17:02:07.3415693Z  [36;1mimport shutil [0m
2026-07-17T17:02:07.3415903Z  [36;1mimport sys [0m
2026-07-17T17:02:07.3416096Z  [36;1mimport venv [0m
2026-07-17T17:02:07.3416280Z  [36;1m [0m
2026-07-17T17:02:07.3416466Z  [36;1mfrom pathlib import Path [0m
2026-07-17T17:02:07.3416870Z  [36;1mfrom subprocess import run [0m
2026-07-17T17:02:07.3417096Z  [36;1m [0m
2026-07-17T17:02:07.3417348Z  [36;1mEXTRAS = set(e.strip() for e in "".split(",") if e.strip()) [0m
2026-07-17T17:02:07.3417696Z  [36;1mif sys.platform == "linux": [0m
2026-07-17T17:02:07.3417936Z  [36;1m    EXTRAS.discard("uv") [0m
2026-07-17T17:02:07.3418155Z  [36;1m [0m
2026-07-17T17:02:07.3418310Z  [36;1m [0m
2026-07-17T17:02:07.3418633Z  [36;1mclass EnvBuilder(venv.EnvBuilder): [0m
2026-07-17T17:02:07.3418921Z  [36;1m    def __init__(self): [0m
2026-07-17T17:02:07.3419160Z  [36;1m        super().__init__() [0m
2026-07-17T17:02:07.3419373Z  [36;1m [0m
2026-07-17T17:02:07.3419567Z  [36;1m    def setup_scripts(self, context): [0m
2026-07-17T17:02:07.3419847Z  [36;1m        pass [0m
2026-07-17T17:02:07.3420036Z  [36;1m [0m
2026-07-17T17:02:07.3420218Z  [36;1m    def post_setup(self, context): [0m
2026-07-17T17:02:07.3420493Z  [36;1m        super().post_setup(context) [0m
2026-07-17T17:02:07.3420812Z  [36;1m        self.bin_path = Path(context.env_exe).parent [0m
2026-07-17T17:02:07.3421181Z  [36;1m        install_spec = r"D:\a\_actions\pypa\cibuildwheel\v3.3" [0m
2026-07-17T17:02:07.3421498Z  [36;1m        if EXTRAS: [0m
2026-07-17T17:02:07.3421803Z  [36;1m            install_spec += f"[{','.join(sorted(EXTRAS))}]" [0m
2026-07-17T17:02:07.3422823Z  [36;1m        run([sys.executable, "-m", "pip", "--python", context.env_exe, "install", install_spec], check=True) [0m
2026-07-17T17:02:07.3423527Z  [36;1m [0m
2026-07-17T17:02:07.3423711Z  [36;1m [0m
2026-07-17T17:02:07.3423940Z  [36;1mprint("::group::Install cibuildwheel") [0m
2026-07-17T17:02:07.3424271Z  [36;1mvenv_path = Path(r"D:\a\_temp") / "cibw" [0m
2026-07-17T17:02:07.3424596Z  [36;1mif venv_path.exists(): [0m
2026-07-17T17:02:07.3424833Z  [36;1m    shutil.rmtree(venv_path) [0m
2026-07-17T17:02:07.3425080Z  [36;1mbuilder = EnvBuilder() [0m
2026-07-17T17:02:07.3425306Z  [36;1mbuilder.create(venv_path) [0m
2026-07-17T17:02:07.3425594Z  [36;1mexposed_binaries = {"cibuildwheel"} [0m
2026-07-17T17:02:07.3425859Z  [36;1mif "uv" in EXTRAS: [0m
2026-07-17T17:02:07.3426089Z  [36;1m    exposed_binaries.add("uv") [0m
2026-07-17T17:02:07.3426466Z  [36;1mclean_bin_path = builder.bin_path.parent / f"{builder.bin_path.name}.clean" [0m
2026-07-17T17:02:07.3426846Z  [36;1mclean_bin_path.mkdir() [0m
2026-07-17T17:02:07.3427120Z  [36;1mfor path in list(builder.bin_path.iterdir()): [0m
2026-07-17T17:02:07.3427428Z  [36;1m    if path.stem in exposed_binaries: [0m
2026-07-17T17:02:07.3427808Z  [36;1m        try: [0m
2026-07-17T17:02:07.3428130Z  [36;1m            os.symlink(path, clean_bin_path / path.name) [0m
2026-07-17T17:02:07.3428497Z  [36;1m        except OSError: [0m
2026-07-17T17:02:07.3428781Z  [36;1m            import shutil [0m
2026-07-17T17:02:07.3429055Z  [36;1m [0m
2026-07-17T17:02:07.3429337Z  [36;1m            shutil.copy2(path, clean_bin_path / path.name) [0m
2026-07-17T17:02:07.3429795Z  [36;1mfull_path = f"{clean_bin_path}{os.pathsep}{os.environ['PATH']}" [0m
2026-07-17T17:02:07.3430217Z  [36;1mwith open(os.environ["GITHUB_OUTPUT"], "at") as f: [0m
2026-07-17T17:02:07.3430609Z  [36;1m    f.write(f"updated-path={full_path}\n") [0m
2026-07-17T17:02:07.3430954Z  [36;1mprint("::endgroup::") [0m
2026-07-17T17:02:07.3431231Z  [36;1mEOF [0m
2026-07-17T17:02:07.3443309Z shell: C:\Program Files\Git\bin\bash.EXE --noprofile --norc -e -o pipefail {0}
2026-07-17T17:02:07.3443755Z env:
2026-07-17T17:02:07.3444013Z   CARGO_HOME: C:\Users\runneradmin\.cargo
2026-07-17T17:02:07.3444331Z   CARGO_INCREMENTAL: 0
2026-07-17T17:02:07.3444591Z   CARGO_TERM_COLOR: always
2026-07-17T17:02:07.3444888Z   CIBW_MANYLINUX_X86_64_IMAGE: manylinux_2_28
2026-07-17T17:02:07.3445876Z   CIBW_BUILD: cp310-* cp311-* cp312-* cp313-* cp314-*
2026-07-17T17:02:07.3446270Z   CIBW_SKIP: *-win32 *-manylinux_i686 *-musllinux_*
2026-07-17T17:02:07.3446941Z   CIBW_BEFORE_ALL_LINUX: dnf install -y clang llvm-devel cmake && curl https://sh.rustup.rs -sSf | sh -s -- --default-toolchain stable -y

2026-07-17T17:02:07.3447898Z   CIBW_BEFORE_ALL_MACOS: brew install llvm && curl https://sh.rustup.rs -sSf | sh -s -- --default-toolchain stable -y

2026-07-17T17:02:07.3448535Z   CIBW_BEFORE_ALL_WINDOWS: choco install llvm -y && rustup default stable
2026-07-17T17:02:07.3448996Z   CIBW_ENVIRONMENT_LINUX: PATH=$HOME/.cargo/bin:$PATH
2026-07-17T17:02:07.3449609Z   CIBW_ENVIRONMENT_MACOS: PATH=$HOME/.cargo/bin:$PATH LIBCLANG_PATH=$(brew --prefix llvm)/lib MACOSX_DEPLOYMENT_TARGET=10.14
2026-07-17T17:02:07.3450387Z   CIBW_ENVIRONMENT_WINDOWS: LIBCLANG_PATH="C:\\Program Files\\LLVM\\bin" PATH="C:\\Program Files\\LLVM\\bin;$PATH"
2026-07-17T17:02:07.3450929Z   CIBW_TEST_REQUIRES: pytest numpy rdkit
2026-07-17T17:02:07.3451273Z   CIBW_TEST_COMMAND: pytest {project}/pytests -v
2026-07-17T17:02:07.3451605Z   CIBW_BUILD_VERBOSITY: 3
2026-07-17T17:02:07.3451869Z ##[endgroup]
2026-07-17T17:02:08.6534018Z ##[group]Install cibuildwheel
2026-07-17T17:02:11.2888863Z Processing D:\a\_actions\pypa\cibuildwheel\v3.3
2026-07-17T17:02:11.2971118Z   Installing build dependencies: started
2026-07-17T17:02:13.4099713Z   Installing build dependencies: finished with status 'done'
2026-07-17T17:02:13.4115783Z   Getting requirements to build wheel: started
2026-07-17T17:02:13.7490321Z   Getting requirements to build wheel: finished with status 'done'
2026-07-17T17:02:13.7518789Z   Preparing metadata (pyproject.toml): started
2026-07-17T17:02:14.0668894Z   Preparing metadata (pyproject.toml): finished with status 'done'
2026-07-17T17:02:14.3536853Z Collecting bashlex!=0.13 (from cibuildwheel==3.3.1)
2026-07-17T17:02:14.5738202Z   Downloading bashlex-0.18-py2.py3-none-any.whl.metadata (1.1 kB)
2026-07-17T17:02:14.6299425Z Collecting bracex (from cibuildwheel==3.3.1)
2026-07-17T17:02:14.6342950Z   Downloading bracex-3.0-py3-none-any.whl.metadata (3.3 kB)
2026-07-17T17:02:14.6838517Z Collecting build>=1.0.0 (from cibuildwheel==3.3.1)
2026-07-17T17:02:14.6882646Z   Downloading build-1.5.0-py3-none-any.whl.metadata (5.7 kB)
2026-07-17T17:02:14.7550507Z Collecting certifi (from cibuildwheel==3.3.1)
2026-07-17T17:02:14.7604942Z   Downloading certifi-2026.6.17-py3-none-any.whl.metadata (2.5 kB)
2026-07-17T17:02:14.8088152Z Collecting dependency-groups>=1.2 (from cibuildwheel==3.3.1)
2026-07-17T17:02:14.8135736Z   Downloading dependency_groups-1.3.1-py3-none-any.whl.metadata (2.3 kB)
2026-07-17T17:02:15.2124309Z Collecting filelock (from cibuildwheel==3.3.1)
2026-07-17T17:02:15.2169267Z   Downloading filelock-3.30.3-py3-none-any.whl.metadata (2.0 kB)
2026-07-17T17:02:15.2710045Z Collecting humanize (from cibuildwheel==3.3.1)
2026-07-17T17:02:15.2773119Z   Downloading humanize-4.16.0-py3-none-any.whl.metadata (8.0 kB)
2026-07-17T17:02:15.3197448Z Collecting packaging>=20.9 (from cibuildwheel==3.3.1)
2026-07-17T17:02:15.3217067Z   Using cached packaging-26.2-py3-none-any.whl.metadata (3.5 kB)
2026-07-17T17:02:15.3553837Z Collecting platformdirs (from cibuildwheel==3.3.1)
2026-07-17T17:02:15.3601459Z   Downloading platformdirs-4.10.0-py3-none-any.whl.metadata (5.5 kB)
2026-07-17T17:02:15.4099634Z Collecting pyelftools>=0.29 (from cibuildwheel==3.3.1)
2026-07-17T17:02:15.4143727Z   Downloading pyelftools-0.33-py3-none-any.whl.metadata (1.0 kB)
2026-07-17T17:02:15.4704107Z Collecting wheel>=0.33.6 (from cibuildwheel==3.3.1)
2026-07-17T17:02:15.4752448Z   Downloading wheel-0.47.0-py3-none-any.whl.metadata (2.3 kB)
2026-07-17T17:02:15.5202252Z Collecting pyproject_hooks (from build>=1.0.0->cibuildwheel==3.3.1)
2026-07-17T17:02:15.5253501Z   Downloading pyproject_hooks-1.2.0-py3-none-any.whl.metadata (1.3 kB)
2026-07-17T17:02:15.5764049Z Collecting colorama (from build>=1.0.0->cibuildwheel==3.3.1)
2026-07-17T17:02:15.5807972Z   Downloading colorama-0.4.6-py2.py3-none-any.whl.metadata (17 kB)
2026-07-17T17:02:15.6104349Z Downloading bashlex-0.18-py2.py3-none-any.whl (69 kB)
2026-07-17T17:02:15.6558514Z Downloading build-1.5.0-py3-none-any.whl (26 kB)
2026-07-17T17:02:15.6787598Z Downloading dependency_groups-1.3.1-py3-none-any.whl (8.7 kB)
2026-07-17T17:02:15.7037085Z Using cached packaging-26.2-py3-none-any.whl (100 kB)
2026-07-17T17:02:15.7106933Z Downloading pyelftools-0.33-py3-none-any.whl (201 kB)
2026-07-17T17:02:15.7392719Z Downloading wheel-0.47.0-py3-none-any.whl (32 kB)
2026-07-17T17:02:15.7623777Z Downloading bracex-3.0-py3-none-any.whl (11 kB)
2026-07-17T17:02:15.7876185Z Downloading certifi-2026.6.17-py3-none-any.whl (133 kB)
2026-07-17T17:02:15.8110584Z Downloading colorama-0.4.6-py2.py3-none-any.whl (25 kB)
2026-07-17T17:02:15.8396299Z Downloading filelock-3.30.3-py3-none-any.whl (94 kB)
2026-07-17T17:02:15.8639821Z Downloading humanize-4.16.0-py3-none-any.whl (137 kB)
2026-07-17T17:02:15.8874804Z Downloading platformdirs-4.10.0-py3-none-any.whl (22 kB)
2026-07-17T17:02:15.9088868Z Downloading pyproject_hooks-1.2.0-py3-none-any.whl (10 kB)
2026-07-17T17:02:15.9704171Z Building wheels for collected packages: cibuildwheel
2026-07-17T17:02:15.9728874Z   Building wheel for cibuildwheel (pyproject.toml): started
2026-07-17T17:02:16.0307277Z   Building wheel for cibuildwheel (pyproject.toml): finished with status 'done'
2026-07-17T17:02:16.0327259Z   Created wheel for cibuildwheel: filename=cibuildwheel-3.3.1-py3-none-any.whl size=127165 sha256=922268061d65fd6e83e7268c5dd6d5ffbda52f5a48c979b40ef44ac2630d3c58
2026-07-17T17:02:16.0328999Z   Stored in directory: C:\Users\runneradmin\AppData\Local\Temp\pip-ephem-wheel-cache-xj1u_l09\wheels\a1\52\69\74cae977161c28ea1274c4c1a22ee1137496c0ce665ca63cd3
2026-07-17T17:02:16.0366257Z Successfully built cibuildwheel
2026-07-17T17:02:16.0561148Z Installing collected packages: pyproject_hooks, pyelftools, platformdirs, packaging, humanize, filelock, colorama, certifi, bracex, bashlex, wheel, dependency-groups, build, cibuildwheel
2026-07-17T17:02:16.8172004Z 
2026-07-17T17:02:16.8190932Z Successfully installed bashlex-0.18 bracex-3.0 build-1.5.0 certifi-2026.6.17 cibuildwheel-3.3.1 colorama-0.4.6 dependency-groups-1.3.1 filelock-3.30.3 humanize-4.16.0 packaging-26.2 platformdirs-4.10.0 pyelftools-0.33 pyproject_hooks-1.2.0 wheel-0.47.0
2026-07-17T17:02:16.9691489Z ##[endgroup]
2026-07-17T17:02:16.9962796Z ##[group]Run cibuildwheel "py" --output-dir "wheelhouse"  
2026-07-17T17:02:16.9963181Z  [36;1mcibuildwheel "py" --output-dir "wheelhouse"   [0m
2026-07-17T17:02:17.0026818Z shell: C:\Program Files\PowerShell\7\pwsh.EXE -command ". '{0}'"
2026-07-17T17:02:17.0027147Z env:
2026-07-17T17:02:17.0027338Z   CARGO_HOME: C:\Users\runneradmin\.cargo
2026-07-17T17:02:17.0027592Z   CARGO_INCREMENTAL: 0
2026-07-17T17:02:17.0027834Z   CARGO_TERM_COLOR: always
2026-07-17T17:02:17.0028088Z   CIBW_MANYLINUX_X86_64_IMAGE: manylinux_2_28
2026-07-17T17:02:17.0028401Z   CIBW_BUILD: cp310-* cp311-* cp312-* cp313-* cp314-*
2026-07-17T17:02:17.0028711Z   CIBW_SKIP: *-win32 *-manylinux_i686 *-musllinux_*
2026-07-17T17:02:17.0029320Z   CIBW_BEFORE_ALL_LINUX: dnf install -y clang llvm-devel cmake && curl https://sh.rustup.rs -sSf | sh -s -- --default-toolchain stable -y

2026-07-17T17:02:17.0030111Z   CIBW_BEFORE_ALL_MACOS: brew install llvm && curl https://sh.rustup.rs -sSf | sh -s -- --default-toolchain stable -y

2026-07-17T17:02:17.0030677Z   CIBW_BEFORE_ALL_WINDOWS: choco install llvm -y && rustup default stable
2026-07-17T17:02:17.0031064Z   CIBW_ENVIRONMENT_LINUX: PATH=$HOME/.cargo/bin:$PATH
2026-07-17T17:02:17.0031597Z   CIBW_ENVIRONMENT_MACOS: PATH=$HOME/.cargo/bin:$PATH LIBCLANG_PATH=$(brew --prefix llvm)/lib MACOSX_DEPLOYMENT_TARGET=10.14
2026-07-17T17:02:17.0032309Z   CIBW_ENVIRONMENT_WINDOWS: LIBCLANG_PATH="C:\\Program Files\\LLVM\\bin" PATH="C:\\Program Files\\LLVM\\bin;$PATH"
2026-07-17T17:02:17.0032978Z   CIBW_TEST_REQUIRES: pytest numpy rdkit
2026-07-17T17:02:17.0033263Z   CIBW_TEST_COMMAND: pytest {project}/pytests -v
2026-07-17T17:02:17.0033533Z   CIBW_BUILD_VERBOSITY: 3
2026-07-17T17:02:17.0042133Z   PATH: D:\a\_temp\cibw\Scripts.clean;C:\Program Files\Git\mingw64\bin;C:\Program Files\Git\usr\bin;C:\Users\runneradmin\bin;C:\Program Files\MongoDB\Server\7.0\bin;C:\vcpkg;C:\tools\zstd;C:\hostedtoolcache\windows\stack\3.11.1\x64;C:\cabal\bin;C:\\ghcup\bin;C:\mingw64\bin;C:\Program Files\dotnet;C:\Program Files\MySQL\MySQL Server 8.0\bin;C:\Program Files\R\R-4.6.1\bin\x64;C:\SeleniumWebDrivers\GeckoDriver;C:\SeleniumWebDrivers\EdgeDriver\;C:\SeleniumWebDrivers\ChromeDriver;C:\Program Files (x86)\sbt\bin;C:\Program Files (x86)\GitHub CLI;C:\Program Files\Git\bin;C:\Program Files (x86)\pipx_bin;C:\npm\prefix;C:\hostedtoolcache\windows\go\1.24.13\x64\bin;C:\hostedtoolcache\windows\Python\3.12.10\x64\Scripts;C:\hostedtoolcache\windows\Python\3.12.10\x64;C:\hostedtoolcache\windows\Ruby\3.3.11\x64\bin;C:\Program Files\OpenSSL\bin;C:\tools\kotlinc\bin;C:\hostedtoolcache\windows\Java_Temurin-Hotspot_jdk\17.0.19-10\x64\bin;C:\Program Files\ImageMagick-7.1.2-Q16-HDRI;C:\Program Files\Microsoft SDKs\Azure\CLI2\wbin;C:\ProgramData\kind;C:\ProgramData\Chocolatey\bin;C:\Windows\system32;C:\Windows;C:\Windows\System32\Wbem;C:\Windows\System32\WindowsPowerShell\v1.0\;C:\Windows\System32\OpenSSH\;C:\Program Files\PowerShell\7\;C:\Program Files\Microsoft\Web Platform Installer\;C:\Program Files\Microsoft SQL Server\170\Tools\Binn\;C:\Program Files\Microsoft SQL Server\Client SDK\ODBC\170\Tools\Binn\;C:\Program Files\dotnet\;C:\Program Files (x86)\Windows Kits\10\Windows Performance Toolkit\;C:\Program Files (x86)\WiX Toolset v3.14\bin;C:\Program Files\Microsoft SQL Server\130\DTS\Binn\;C:\Program Files\Microsoft SQL Server\140\DTS\Binn\;C:\Program Files\Microsoft SQL Server\150\DTS\Binn\;C:\Program Files\Microsoft SQL Server\160\DTS\Binn\;C:\Program Files\Microsoft SQL Server\170\DTS\Binn\;C:\ProgramData\chocolatey\lib\pulumi\tools\Pulumi\bin;C:\Program Files\CMake\bin;C:\Strawberry\c\bin;C:\Strawberry\perl\site\bin;C:\Strawberry\perl\bin;C:\ProgramData\chocolatey\lib\maven\apache-maven-3.9.16\bin;C:\Program Files\Microsoft Service Fabric\bin\Fabric\Fabric.Code;C:\Program Files\Microsoft SDKs\Service Fabric\Tools\ServiceFabricLocalClusterManager;C:\Program Files\nodejs\;C:\Program Files\Git\cmd;C:\Program Files\Git\mingw64\bin;C:\Program Files\Git\usr\bin;C:\Program Files\GitHub CLI\;c:\tools\php;C:\Program Files (x86)\sbt\bin;C:\Program Files\Amazon\AWSCLIV2\;C:\Program Files\Amazon\SessionManagerPlugin\bin\;C:\Program Files\Amazon\AWSSAMCLI\bin\;C:\Program Files\Microsoft SQL Server\130\Tools\Binn\;C:\Program Files\mongosh\;C:\Program Files\LLVM\bin;C:\Program Files (x86)\LLVM\bin;C:\Users\runneradmin\.dotnet\tools;C:\Users\runneradmin\.cargo\bin;C:\Users\runneradmin\AppData\Local\Microsoft\WindowsApps
2026-07-17T17:02:17.0051219Z ##[endgroup]
2026-07-17T17:02:18.0919426Z 
2026-07-17T17:02:18.0919911Z      _ _       _ _   _       _           _
2026-07-17T17:02:18.0920356Z  ___|_| |_ _ _|_| |_| |_ _ _| |_ ___ ___| |
2026-07-17T17:02:18.0920779Z |  _| | . | | | | | . | | | |   | -_| -_| |
2026-07-17T17:02:18.0921042Z |___|_|___|___|_|_|___|_____|_|_|___|___|_|
2026-07-17T17:02:18.0921215Z 
2026-07-17T17:02:18.0921317Z cibuildwheel version 3.3.1
2026-07-17T17:02:18.0921467Z 
2026-07-17T17:02:18.0921540Z Build options:
2026-07-17T17:02:18.0921877Z   platform: windows
2026-07-17T17:02:18.0985897Z    [38;5;244mallow_empty: False [0m
2026-07-17T17:02:18.0986459Z    [38;5;244marchitectures: AMD64, x86 [0m
2026-07-17T17:02:18.0986975Z   build_selector: 
2026-07-17T17:02:18.0987221Z     build_config: cp310-* cp311-* cp312-* cp313-* cp314-*
2026-07-17T17:02:18.0987594Z     skip_config: *-win32 *-manylinux_i686 *-musllinux_*
2026-07-17T17:02:18.0987879Z     requires_python: >=3.10
2026-07-17T17:02:18.0988128Z     enable: [] [0m
2026-07-17T17:02:18.0988395Z   output_dir: D:\a\relag\relag\wheelhouse [0m
2026-07-17T17:02:18.0989642Z   package_dir: D:\a\relag\relag\py [0m
2026-07-17T17:02:18.0989961Z    [38;5;244mtest_selector: 
2026-07-17T17:02:18.0990220Z  [38;5;244m    skip_config: [0m
2026-07-17T17:02:18.0990575Z   before_all: choco install llvm -y && rustup default stable [0m
2026-07-17T17:02:18.0990940Z    [38;5;244mbefore_build:  [0m
2026-07-17T17:02:18.0991341Z    [38;5;244mbefore_test:  [0m
2026-07-17T17:02:18.0991600Z    [38;5;244mbuild_frontend: build [0m
2026-07-17T17:02:18.0991872Z   build_verbosity: 3 [0m
2026-07-17T17:02:18.0992120Z    [38;5;244mconfig_settings:  [0m
2026-07-17T17:02:18.0992401Z    [38;5;244mcontainer_engine: docker [0m
2026-07-17T17:02:18.0992728Z    [38;5;244mdependency_constraints: pinned [0m
2026-07-17T17:02:18.0992996Z   environment: 
2026-07-17T17:02:18.0993213Z     LIBCLANG_PATH="C:\\Program Files\\LLVM\\bin"
2026-07-17T17:02:18.0993560Z     PATH="C:\\Program Files\\LLVM\\bin;$PATH" [0m
2026-07-17T17:02:18.0993873Z    [38;5;244mmanylinux_images: None [0m
2026-07-17T17:02:18.0994163Z    [38;5;244mmusllinux_images: None [0m
2026-07-17T17:02:18.0994440Z    [38;5;244mpyodide_version: None [0m
2026-07-17T17:02:18.0994713Z    [38;5;244mrepair_command:  [0m
2026-07-17T17:02:18.0995019Z   test_command: pytest {project}/pytests -v [0m
2026-07-17T17:02:18.0995326Z    [38;5;244mtest_environment:  [0m
2026-07-17T17:02:18.0995594Z    [38;5;244mtest_extras:  [0m
2026-07-17T17:02:18.0995840Z    [38;5;244mtest_groups:  [0m
2026-07-17T17:02:18.0996042Z   test_requires: 
2026-07-17T17:02:18.0996220Z     pytest
2026-07-17T17:02:18.0996396Z     numpy
2026-07-17T17:02:18.0996578Z     rdkit [0m
2026-07-17T17:02:18.0996783Z    [38;5;244mtest_runtime: 
2026-07-17T17:02:18.0997016Z  [38;5;244m    args: () [0m
2026-07-17T17:02:18.0997248Z    [38;5;244mtest_sources:  [0m
2026-07-17T17:02:18.0997499Z    [38;5;244mxbuild_tools: None [0m
2026-07-17T17:02:18.0997655Z 
2026-07-17T17:02:18.0997840Z Cache folder: C:\Users\runneradmin\AppData\Local\pypa\cibuildwheel\Cache
2026-07-17T17:02:18.0998116Z 
2026-07-17T17:02:18.1038854Z Here we go!
2026-07-17T17:02:18.1039195Z 
2026-07-17T17:02:18.1061394Z ##[group]Running before_all...
2026-07-17T17:02:18.1061625Z 
2026-07-17T17:02:18.1067936Z + choco install llvm -y && rustup default stable
2026-07-17T17:02:19.8375004Z Chocolatey v2.7.3
2026-07-17T17:02:20.0602259Z Installing the following packages:
2026-07-17T17:02:20.0607266Z llvm
2026-07-17T17:02:20.0610909Z By installing, you accept licenses for the packages.
2026-07-17T17:02:21.9108245Z llvm v20.1.8 already installed.
2026-07-17T17:02:21.9108690Z  Use --force to reinstall, specify a version to install, or try upgrade.
2026-07-17T17:02:21.9196238Z 
2026-07-17T17:02:21.9196438Z Chocolatey installed 0/1 packages. 
2026-07-17T17:02:21.9196928Z  See the log for details (C:\ProgramData\chocolatey\logs\chocolatey.log).
2026-07-17T17:02:21.9200702Z 
2026-07-17T17:02:21.9203508Z Warnings:
2026-07-17T17:02:21.9208752Z  - llvm - llvm v20.1.8 already installed.
2026-07-17T17:02:21.9209252Z  Use --force to reinstall, specify a version to install, or try upgrade.
2026-07-17T17:02:21.9645268Z info: using existing install for stable-x86_64-pc-windows-msvc
2026-07-17T17:02:21.9737940Z info: default toolchain set to stable-x86_64-pc-windows-msvc
2026-07-17T17:02:21.9738361Z 
2026-07-17T17:02:21.9932335Z   stable-x86_64-pc-windows-msvc unchanged - rustc 1.97.1 (8bab26f4f 2026-07-14)
2026-07-17T17:02:21.9932710Z 
2026-07-17T17:02:21.9976561Z ##[endgroup]
2026-07-17T17:02:21.9977898Z                                                                [32m✓  [0m3.89s
2026-07-17T17:02:21.9978160Z 
2026-07-17T17:02:21.9978341Z  [1m [34mBuilding cp310-win_amd64 wheel [0m
2026-07-17T17:02:21.9978618Z CPython 3.10 Windows 64bit
2026-07-17T17:02:21.9978763Z 
2026-07-17T17:02:21.9983675Z ##[group]Installing Python cp310...
2026-07-17T17:02:21.9983863Z 
2026-07-17T17:02:21.9998195Z + Download https://dist.nuget.org/win-x86-commandline/latest/nuget.exe to C:\Users\runneradmin\AppData\Local\pypa\cibuildwheel\Cache\nuget.exe
2026-07-17T17:02:22.2523053Z + 'C:\Users\runneradmin\AppData\Local\pypa\cibuildwheel\Cache\nuget.exe' install python -Version 3.10.11 -FallbackSource https://api.nuget.org/v3/index.json -OutputDirectory 'C:\Users\runneradmin\AppData\Local\pypa\cibuildwheel\Cache\nuget-cpython'
2026-07-17T17:02:23.3483712Z Feeds used:
2026-07-17T17:02:23.3483996Z   https://api.nuget.org/v3/index.json
2026-07-17T17:02:23.3484356Z   C:\Program Files (x86)\Microsoft SDKs\NuGetPackages\
2026-07-17T17:02:23.3484673Z   https://api.nuget.org/v3/index.json
2026-07-17T17:02:23.3485040Z 
2026-07-17T17:02:23.3904147Z 
2026-07-17T17:02:23.3904166Z 
2026-07-17T17:02:23.4325014Z Attempting to gather dependency information for package 'python.3.10.11' with respect to project 'C:\Users\runneradmin\AppData\Local\pypa\cibuildwheel\Cache\nuget-cpython', targeting 'Any,Version=v0.0'
2026-07-17T17:02:23.7897226Z Gathering dependency information took 344 ms
2026-07-17T17:02:23.7984420Z Attempting to resolve dependencies for package 'python.3.10.11' with DependencyBehavior 'Lowest'
2026-07-17T17:02:23.8434051Z Resolving dependency information took 0 ms
2026-07-17T17:02:23.8434668Z Resolving actions to install package 'python.3.10.11'
2026-07-17T17:02:23.8451109Z Resolved actions to install package 'python.3.10.11'
2026-07-17T17:02:23.8675350Z Retrieving package 'python 3.10.11' from 'nuget.org'.
2026-07-17T17:02:23.9976604Z   GET https://api.nuget.org/v3-flatcontainer/python/3.10.11/python.3.10.11.nupkg
2026-07-17T17:02:24.0010384Z   OK https://api.nuget.org/v3-flatcontainer/python/3.10.11/python.3.10.11.nupkg 3ms
2026-07-17T17:02:34.5061808Z Installed python 3.10.11 from https://api.nuget.org/v3/index.json to C:\Users\runneradmin\.nuget\packages\python\3.10.11 with content hash UxC16pkpOgvZKLGz+QYunfLnmMlPXnRiZoLen58mie9UktnWal66p7Xl8L57q2W/fvxLGz8jZmZRIIATLElDdg==.
2026-07-17T17:02:34.5199288Z Adding package 'python.3.10.11' to folder 'C:\Users\runneradmin\AppData\Local\pypa\cibuildwheel\Cache\nuget-cpython'
2026-07-17T17:02:36.6347783Z Added package 'python.3.10.11' to folder 'C:\Users\runneradmin\AppData\Local\pypa\cibuildwheel\Cache\nuget-cpython'
2026-07-17T17:02:36.6357812Z Successfully installed 'python 3.10.11' to C:\Users\runneradmin\AppData\Local\pypa\cibuildwheel\Cache\nuget-cpython
2026-07-17T17:02:36.6376799Z Executing nuget actions took 12.78 sec
2026-07-17T17:02:36.6631793Z ##[endgroup]
2026-07-17T17:02:36.6632644Z                                                               [32m✓  [0m14.66s
2026-07-17T17:02:36.6633266Z ##[group]Setting up build environment...
2026-07-17T17:02:36.6633516Z 
2026-07-17T17:02:36.6644920Z + Download https://github.com/pypa/get-virtualenv/releases/download/20.35.4/virtualenv.pyz to C:\Users\runneradmin\AppData\Local\pypa\cibuildwheel\Cache\virtualenv-20.35.4.pyz
2026-07-17T17:02:36.9717549Z + 'D:\a\_temp\cibw\Scripts\python.exe' -sS 'C:\Users\runneradmin\AppData\Local\pypa\cibuildwheel\Cache\virtualenv-20.35.4.pyz' --activators= --no-periodic-update --pip=25.3 --no-setuptools --python 'C:\Users\runneradmin\AppData\Local\pypa\cibuildwheel\Cache\nuget-cpython\python.3.10.11\tools\python.exe' 'C:\Users\runneradmin\AppData\Local\Temp\cibw-run-abs4t6rp\cp310-win_amd64\build\venv'
2026-07-17T17:02:39.6660624Z created virtual environment CPython3.10.11.final.0-64 in 2392ms
2026-07-17T17:02:39.6661474Z   creator CPython3Windows(dest=C:\Users\runneradmin\AppData\Local\Temp\cibw-run-abs4t6rp\cp310-win_amd64\build\venv, clear=False, no_vcs_ignore=False, global=False)
2026-07-17T17:02:39.6663231Z   seeder FromAppData(download=False, pip=25.3, via=copy, app_data_dir=C:\Users\runneradmin\AppData\Local\pypa\virtualenv)
2026-07-17T17:02:39.6664372Z     added seed packages: pip==25.3
2026-07-17T17:02:39.6948243Z + where python
2026-07-17T17:02:39.7860821Z C:\Users\runneradmin\AppData\Local\Temp\cibw-run-abs4t6rp\cp310-win_amd64\build\venv\Scripts\python.exe
2026-07-17T17:02:39.7861611Z + python --version
2026-07-17T17:02:39.8082008Z Python 3.10.11
2026-07-17T17:02:39.8115448Z + python -c '"import struct; print(struct.calcsize('"'"'P'"'"') * 8)"'
2026-07-17T17:02:39.8592115Z + where pip
2026-07-17T17:02:39.9358169Z C:\Users\runneradmin\AppData\Local\Temp\cibw-run-abs4t6rp\cp310-win_amd64\build\venv\Scripts\pip.exe
2026-07-17T17:02:39.9358952Z + pip --version
2026-07-17T17:02:40.8271353Z pip 25.3 from C:\Users\runneradmin\AppData\Local\Temp\cibw-run-abs4t6rp\cp310-win_amd64\build\venv\lib\site-packages\pip (python 3.10)
2026-07-17T17:02:40.8271894Z 
2026-07-17T17:02:40.8531161Z ##[endgroup]
2026-07-17T17:02:40.8532262Z                                                                [32m✓  [0m4.19s
2026-07-17T17:02:40.8532824Z ##[group]Installing build tools...
2026-07-17T17:02:40.8532993Z 
2026-07-17T17:02:40.8533425Z + pip install --upgrade 'build[virtualenv]' -c file:///D:/a/_temp/cibw/Lib/site-packages/cibuildwheel/resources/constraints-python310.txt
2026-07-17T17:02:41.9398241Z Collecting build[virtualenv]
2026-07-17T17:02:41.9656736Z   Downloading build-1.3.0-py3-none-any.whl.metadata (5.6 kB)
2026-07-17T17:02:42.0130441Z Collecting packaging>=19.1 (from build[virtualenv])
2026-07-17T17:02:42.0181604Z   Downloading packaging-25.0-py3-none-any.whl.metadata (3.3 kB)
2026-07-17T17:02:42.0608256Z Collecting pyproject_hooks (from build[virtualenv])
2026-07-17T17:02:42.0630222Z   Using cached pyproject_hooks-1.2.0-py3-none-any.whl.metadata (1.3 kB)
2026-07-17T17:02:42.0868187Z Collecting colorama (from build[virtualenv])
2026-07-17T17:02:42.0890374Z   Using cached colorama-0.4.6-py2.py3-none-any.whl.metadata (17 kB)
2026-07-17T17:02:42.1422388Z Collecting tomli>=1.1.0 (from build[virtualenv])
2026-07-17T17:02:42.1492790Z   Downloading tomli-2.3.0-py3-none-any.whl.metadata (10 kB)
2026-07-17T17:02:42.2346016Z Collecting virtualenv>=20.17 (from build[virtualenv])
2026-07-17T17:02:42.2420796Z   Downloading virtualenv-20.35.4-py3-none-any.whl.metadata (4.6 kB)
2026-07-17T17:02:42.2956550Z Collecting distlib<1,>=0.3.7 (from virtualenv>=20.17->build[virtualenv])
2026-07-17T17:02:42.3007791Z   Downloading distlib-0.4.0-py2.py3-none-any.whl.metadata (5.2 kB)
2026-07-17T17:02:42.3543443Z Collecting filelock<4,>=3.12.2 (from virtualenv>=20.17->build[virtualenv])
2026-07-17T17:02:42.3609918Z   Downloading filelock-3.20.2-py3-none-any.whl.metadata (2.1 kB)
2026-07-17T17:02:42.4040171Z Collecting platformdirs<5,>=3.9.1 (from virtualenv>=20.17->build[virtualenv])
2026-07-17T17:02:42.4115206Z   Downloading platformdirs-4.5.1-py3-none-any.whl.metadata (12 kB)
2026-07-17T17:02:42.4678791Z Collecting typing-extensions>=4.13.2 (from virtualenv>=20.17->build[virtualenv])
2026-07-17T17:02:42.4728765Z   Downloading typing_extensions-4.15.0-py3-none-any.whl.metadata (3.3 kB)
2026-07-17T17:02:42.5032068Z Downloading build-1.3.0-py3-none-any.whl (23 kB)
2026-07-17T17:02:42.5269620Z Downloading packaging-25.0-py3-none-any.whl (66 kB)
2026-07-17T17:02:42.5548896Z Downloading tomli-2.3.0-py3-none-any.whl (14 kB)
2026-07-17T17:02:42.5767647Z Downloading virtualenv-20.35.4-py3-none-any.whl (6.0 MB)
2026-07-17T17:02:42.6472291Z    ---------------------------------------- 6.0/6.0 MB 92.6 MB/s  0:00:00
2026-07-17T17:02:42.6581193Z Downloading distlib-0.4.0-py2.py3-none-any.whl (469 kB)
2026-07-17T17:02:42.6852721Z Downloading filelock-3.20.2-py3-none-any.whl (16 kB)
2026-07-17T17:02:42.7082278Z Downloading platformdirs-4.5.1-py3-none-any.whl (18 kB)
2026-07-17T17:02:42.7320487Z Downloading typing_extensions-4.15.0-py3-none-any.whl (44 kB)
2026-07-17T17:02:42.7544489Z Using cached colorama-0.4.6-py2.py3-none-any.whl (25 kB)
2026-07-17T17:02:42.7563774Z Using cached pyproject_hooks-1.2.0-py3-none-any.whl (10 kB)
2026-07-17T17:02:42.7909292Z Installing collected packages: distlib, typing-extensions, tomli, pyproject_hooks, platformdirs, packaging, filelock, colorama, virtualenv, build
2026-07-17T17:02:43.7690111Z 
2026-07-17T17:02:43.7733581Z Successfully installed build-1.3.0 colorama-0.4.6 distlib-0.4.0 filelock-3.20.2 packaging-25.0 platformdirs-4.5.1 pyproject_hooks-1.2.0 tomli-2.3.0 typing-extensions-4.15.0 virtualenv-20.35.4
2026-07-17T17:02:43.8328505Z + python -m pip freeze --all
2026-07-17T17:02:44.1652306Z ##[endgroup]
2026-07-17T17:02:44.1652923Z                                                                [32m✓  [0m3.31s
2026-07-17T17:02:44.1653383Z ##[group]Building wheel...
2026-07-17T17:02:44.1653825Z 
2026-07-17T17:02:44.1656138Z + python -m build 'D:\a\relag\relag\py' --wheel '--outdir=C:\Users\runneradmin\AppData\Local\Temp\cibw-run-abs4t6rp\cp310-win_amd64\built_wheel' -vv
2026-07-17T17:02:44.2957598Z * Creating isolated environment: venv+pip...
2026-07-17T17:02:44.3062664Z * Installing packages in isolated environment:
2026-07-17T17:02:44.3063115Z   - hatchling
2026-07-17T17:02:44.3063554Z   - maturin>=1.11,<2.0
2026-07-17T17:02:44.3159166Z > C:\Users\runneradmin\AppData\Local\Temp\cibw-run-
2026-07-17T17:02:44.3159967Z   abs4t6rp\cp310-win_amd64\build\venv\Scripts\python.exe -m pip --python
2026-07-17T17:02:44.3160492Z   C:\Users\runneradmin\AppData\Local\Temp\build-
2026-07-17T17:02:44.3160931Z   env-398pwwek\Scripts\python.exe -v install --use-pep517 --no-warn-script-
2026-07-17T17:02:44.3161430Z   location --no-compile -r C:\Users\RUNNER~1\AppData\Local\Temp\build-reqs-
2026-07-17T17:02:44.3161779Z   awhz7mkn.txt
2026-07-17T17:02:44.8845711Z < Using pip 25.3 from C:\Users\runneradmin\AppData\Local\Temp\cibw-run-
2026-07-17T17:02:44.8846266Z   abs4t6rp\cp310-win_amd64\build\venv\Lib\site-packages\pip (python 3.10)
2026-07-17T17:02:45.0810168Z < Collecting hatchling (from -r C:\Users\RUNNER~1\AppData\Local\Temp\build-
2026-07-17T17:02:45.0810599Z   reqs-awhz7mkn.txt (line 1))
2026-07-17T17:02:45.0812447Z <   Obtaining dependency information for hatchling from https://files.pythonho
2026-07-17T17:02:45.0813995Z   sted.org/packages/64/e2/2c0af0a52d16be74a4f194564fcdc417521ed863e9b65e4bc905
2026-07-17T17:02:45.0814789Z   2dacba6f/hatchling-1.31.0-py3-none-any.whl.metadata
2026-07-17T17:02:45.0838728Z <   Using cached hatchling-1.31.0-py3-none-any.whl.metadata (3.8 kB)
2026-07-17T17:02:45.2591322Z < Collecting maturin<2.0,>=1.11 (from -r
2026-07-17T17:02:45.2591775Z   C:\Users\RUNNER~1\AppData\Local\Temp\build-reqs-awhz7mkn.txt (line 3))
2026-07-17T17:02:45.2593193Z <   Obtaining dependency information for maturin<2.0,>=1.11 from https://files
2026-07-17T17:02:45.2594221Z   .pythonhosted.org/packages/63/4b/585adeb9167b08d3cdff0032a938b0e72655c92003d
2026-07-17T17:02:45.2594732Z   f4f52c3f696a1bcc2/maturin-1.14.1-py3-none-win_amd64.whl.metadata
2026-07-17T17:02:45.3090949Z <   Downloading maturin-1.14.1-py3-none-win_amd64.whl.metadata (17 kB)
2026-07-17T17:02:45.3713531Z < Collecting tomli>=1.1.0 (from maturin<2.0,>=1.11->-r
2026-07-17T17:02:45.3714063Z   C:\Users\RUNNER~1\AppData\Local\Temp\build-reqs-awhz7mkn.txt (line 3))
2026-07-17T17:02:45.3714945Z <   Obtaining dependency information for tomli>=1.1.0 from https://files.pytho
2026-07-17T17:02:45.3716284Z   nhosted.org/packages/7b/61/cceae43728b7de99d9b847560c262873a1f6c98202171fd5e
2026-07-17T17:02:45.3716981Z   d62640b494b/tomli-2.4.1-py3-none-any.whl.metadata
2026-07-17T17:02:45.3767053Z <   Downloading tomli-2.4.1-py3-none-any.whl.metadata (10 kB)
2026-07-17T17:02:45.4225262Z < Collecting packaging>=24.2 (from hatchling->-r
2026-07-17T17:02:45.4226098Z   C:\Users\RUNNER~1\AppData\Local\Temp\build-reqs-awhz7mkn.txt (line 1))
2026-07-17T17:02:45.4227427Z <   Obtaining dependency information for packaging>=24.2 from https://files.py
2026-07-17T17:02:45.4228596Z   thonhosted.org/packages/df/b2/87e62e8c3e2f4b32e5fe99e0b86d576da1312593b39f47
2026-07-17T17:02:45.4229394Z   d8ceef365e95ed/packaging-26.2-py3-none-any.whl.metadata
2026-07-17T17:02:45.4251700Z <   Using cached packaging-26.2-py3-none-any.whl.metadata (3.5 kB)
2026-07-17T17:02:45.4470746Z < Collecting pathspec>=0.10.1 (from hatchling->-r
2026-07-17T17:02:45.4471436Z   C:\Users\RUNNER~1\AppData\Local\Temp\build-reqs-awhz7mkn.txt (line 1))
2026-07-17T17:02:45.4473493Z <   Obtaining dependency information for pathspec>=0.10.1 from https://files.p
2026-07-17T17:02:45.4475211Z   ythonhosted.org/packages/f1/d9/7fb5aa316bc299258e68c73ba3bddbc499654a07f151c
2026-07-17T17:02:45.4475970Z   ba08f6153988714/pathspec-1.1.1-py3-none-any.whl.metadata
2026-07-17T17:02:45.4497599Z <   Using cached pathspec-1.1.1-py3-none-any.whl.metadata (14 kB)
2026-07-17T17:02:45.4724126Z < Collecting pluggy>=1.0.0 (from hatchling->-r
2026-07-17T17:02:45.4725068Z   C:\Users\RUNNER~1\AppData\Local\Temp\build-reqs-awhz7mkn.txt (line 1))
2026-07-17T17:02:45.4726298Z <   Obtaining dependency information for pluggy>=1.0.0 from https://files.pyth
2026-07-17T17:02:45.4727387Z   onhosted.org/packages/54/20/4d324d65cc6d9205fabedc306948156824eb9f0ee1633355
2026-07-17T17:02:45.4728125Z   a8f7ec5c66bf/pluggy-1.6.0-py3-none-any.whl.metadata
2026-07-17T17:02:45.4750412Z <   Using cached pluggy-1.6.0-py3-none-any.whl.metadata (4.8 kB)
2026-07-17T17:02:45.5163941Z < Collecting trove-classifiers (from hatchling->-r
2026-07-17T17:02:45.5164956Z   C:\Users\RUNNER~1\AppData\Local\Temp\build-reqs-awhz7mkn.txt (line 1))
2026-07-17T17:02:45.5166250Z <   Obtaining dependency information for trove-classifiers from https://files.
2026-07-17T17:02:45.5167264Z   pythonhosted.org/packages/7c/a4/81502f486f01db95bc8320646a8a12511f5e556cb63d
2026-07-17T17:02:45.5167781Z   5e224d91816605c4/trove_classifiers-2026.6.1.19-py3-none-any.whl.metadata
2026-07-17T17:02:45.5190678Z <   Using cached trove_classifiers-2026.6.1.19-py3-none-any.whl.metadata (2.3
2026-07-17T17:02:45.5191421Z   kB)
2026-07-17T17:02:45.5300770Z < Downloading maturin-1.14.1-py3-none-win_amd64.whl (10.3 MB)
2026-07-17T17:02:45.6395993Z <    ---------------------------------------- 10.3/10.3 MB 106.9 MB/s  0:00:00
2026-07-17T17:02:45.6417442Z < Using cached hatchling-1.31.0-py3-none-any.whl (77 kB)
2026-07-17T17:02:45.6459432Z < Using cached packaging-26.2-py3-none-any.whl (100 kB)
2026-07-17T17:02:45.6480477Z < Using cached pathspec-1.1.1-py3-none-any.whl (57 kB)
2026-07-17T17:02:45.6501489Z < Using cached pluggy-1.6.0-py3-none-any.whl (20 kB)
2026-07-17T17:02:45.6557896Z < Downloading tomli-2.4.1-py3-none-any.whl (14 kB)
2026-07-17T17:02:45.6782839Z < Using cached trove_classifiers-2026.6.1.19-py3-none-any.whl (14 kB)
2026-07-17T17:02:45.7308854Z < Installing collected packages: trove-classifiers, tomli, pluggy, pathspec,
2026-07-17T17:02:45.7309580Z   packaging, maturin, hatchling
2026-07-17T17:02:46.1900331Z 
2026-07-17T17:02:46.1930556Z < Successfully installed hatchling-1.31.0 maturin-1.14.1 packaging-26.2
2026-07-17T17:02:46.1931376Z   pathspec-1.1.1 pluggy-1.6.0 tomli-2.4.1 trove-classifiers-2026.6.1.19
2026-07-17T17:02:46.2755281Z * Getting build dependencies for wheel...
2026-07-17T17:02:46.3760545Z * Building wheel...
2026-07-17T17:02:46.4616798Z Running `maturin pep517 build-wheel -i C:\Users\runneradmin\AppData\Local\Temp\build-env-398pwwek\Scripts\python.exe --compatibility off`
2026-07-17T17:02:46.6739850Z  [1m [92m Downloading [0m crates ...
2026-07-17T17:02:46.7651396Z  [1m [92m  Downloaded [0m iana-time-zone-haiku v0.1.2
2026-07-17T17:02:46.7748976Z  [1m [92m  Downloaded [0m leb128fmt v0.1.0
2026-07-17T17:02:46.7838312Z  [1m [92m  Downloaded [0m android_system_properties v0.1.5
2026-07-17T17:02:46.7935290Z  [1m [92m  Downloaded [0m core-foundation-sys v0.8.7
2026-07-17T17:02:46.8330470Z  [1m [92m  Downloaded [0m iana-time-zone v0.1.65
2026-07-17T17:02:46.8692383Z  [1m [92m  Downloaded [0m redox_syscall v0.5.18
2026-07-17T17:02:46.8944336Z  [1m [92m  Downloaded [0m errno v0.3.14
2026-07-17T17:02:46.9063151Z  [1m [92m  Downloaded [0m num_threads v0.1.7
2026-07-17T17:02:46.9146192Z  [1m [92m  Downloaded [0m id-arena v2.3.0
2026-07-17T17:02:46.9246249Z  [1m [92m  Downloaded [0m signal-hook-mio v0.2.5
2026-07-17T17:02:46.9339594Z  [1m [92m  Downloaded [0m rustversion v1.0.22
2026-07-17T17:02:46.9612283Z  [1m [92m  Downloaded [0m unicode-xid v0.2.6
2026-07-17T17:02:46.9739327Z  [1m [92m  Downloaded [0m r-efi v5.3.0
2026-07-17T17:02:47.0219463Z  [1m [92m  Downloaded [0m signal-hook-registry v1.4.8
2026-07-17T17:02:47.0306673Z  [1m [92m  Downloaded [0m mio v1.2.0
2026-07-17T17:02:47.0777612Z  [1m [92m  Downloaded [0m portable-atomic-util v0.2.7
2026-07-17T17:02:47.0893256Z  [1m [92m  Downloaded [0m wasi v0.11.1+wasi-snapshot-preview1
2026-07-17T17:02:47.1028343Z  [1m [92m  Downloaded [0m r-efi v6.0.0
2026-07-17T17:02:47.4591237Z  [1m [92m  Downloaded [0m wasm-bindgen-macro v0.2.118
2026-07-17T17:02:47.4662210Z  [1m [92m  Downloaded [0m wasm-bindgen-shared v0.2.118
2026-07-17T17:02:47.4745892Z  [1m [92m  Downloaded [0m windows-interface v0.59.3
2026-07-17T17:02:47.4817519Z  [1m [92m  Downloaded [0m windows-strings v0.5.1
2026-07-17T17:02:47.5541518Z  [1m [92m  Downloaded [0m windows-result v0.4.1
2026-07-17T17:02:47.5670833Z  [1m [92m  Downloaded [0m wasm-metadata v0.244.0
2026-07-17T17:02:47.5895093Z  [1m [92m  Downloaded [0m signal-hook v0.3.18
2026-07-17T17:02:47.6142604Z  [1m [92m  Downloaded [0m windows-implement v0.60.2
2026-07-17T17:02:47.6224010Z  [1m [92m  Downloaded [0m web-time v1.1.0
2026-07-17T17:02:47.6331394Z  [1m [92m  Downloaded [0m wasm-bindgen-macro-support v0.2.118
2026-07-17T17:02:47.6485171Z  [1m [92m  Downloaded [0m js-sys v0.3.95
2026-07-17T17:02:47.6659598Z  [1m [92m  Downloaded [0m windows-core v0.62.2
2026-07-17T17:02:47.6937511Z  [1m [92m  Downloaded [0m bumpalo v3.20.2
2026-07-17T17:02:47.7094549Z  [1m [92m  Downloaded [0m wasm-bindgen v0.2.118
2026-07-17T17:02:47.7280252Z  [1m [92m  Downloaded [0m wasm-encoder v0.244.0
2026-07-17T17:02:47.7700238Z  [1m [92m  Downloaded [0m wit-bindgen-core v0.51.0
2026-07-17T17:02:47.7838327Z  [1m [92m  Downloaded [0m wasip2 v1.0.2+wasi-0.2.9
2026-07-17T17:02:47.8065961Z  [1m [92m  Downloaded [0m wit-bindgen-rust v0.51.0
2026-07-17T17:02:47.8223364Z  [1m [92m  Downloaded [0m wit-parser v0.244.0
2026-07-17T17:02:48.1445001Z  [1m [92m  Downloaded [0m wasip3 v0.4.0+wasi-0.3.0-rc-2026-01-06
2026-07-17T17:02:48.1629356Z  [1m [92m  Downloaded [0m wit-bindgen-rust-macro v0.51.0
2026-07-17T17:02:48.1706743Z  [1m [92m  Downloaded [0m zerocopy-derive v0.8.48
2026-07-17T17:02:48.2665813Z  [1m [92m  Downloaded [0m wasmparser v0.244.0
2026-07-17T17:02:48.3195241Z  [1m [92m  Downloaded [0m wit-bindgen v0.51.0
2026-07-17T17:02:48.3476656Z  [1m [92m  Downloaded [0m wit-component v0.244.0
2026-07-17T17:02:49.6779445Z  [1m [92m  Downloaded [0m rustix v1.1.4
2026-07-17T17:02:49.8838391Z  [1m [92m  Downloaded [0m windows_aarch64_gnullvm v0.52.6
2026-07-17T17:02:49.8996070Z  [1m [92m  Downloaded [0m windows_i686_gnullvm v0.52.6
2026-07-17T17:02:49.9156275Z  [1m [92m  Downloaded [0m windows_x86_64_gnullvm v0.52.6
2026-07-17T17:02:49.9306125Z  [1m [92m  Downloaded [0m windows_aarch64_msvc v0.52.6
2026-07-17T17:02:49.9507064Z  [1m [92m  Downloaded [0m windows_x86_64_gnu v0.52.6
2026-07-17T17:02:49.9777566Z  [1m [92m  Downloaded [0m windows_i686_gnu v0.52.6
2026-07-17T17:02:50.0062039Z  [1m [92m  Downloaded [0m windows_i686_msvc v0.52.6
2026-07-17T17:02:50.0265899Z  [1m [92m  Downloaded [0m winapi-x86_64-pc-windows-gnu v0.4.0
2026-07-17T17:02:51.3403908Z  [1m [92m  Downloaded [0m linux-raw-sys v0.12.1
2026-07-17T17:02:52.2651635Z  [1m [92m  Downloaded [0m winapi-i686-pc-windows-gnu v0.4.0
2026-07-17T17:02:53.5514644Z 🍹 Building a mixed python/rust project
2026-07-17T17:02:53.7159597Z 🐍 Found CPython 3.10 at C:\Users\runneradmin\AppData\Local\Temp\build-env-398pwwek\Scripts\python.exe
2026-07-17T17:02:53.7162357Z 🔗 Found pyo3 bindings
2026-07-17T17:02:53.7163306Z 📡 Using build options profile from pyproject.toml
2026-07-17T17:02:54.0797796Z  [1m [92m   Compiling [0m proc-macro2 v1.0.106
2026-07-17T17:02:54.0798409Z  [1m [92m   Compiling [0m unicode-ident v1.0.24
2026-07-17T17:02:54.0799255Z  [1m [92m   Compiling [0m quote v1.0.45
2026-07-17T17:02:54.0800049Z  [1m [92m   Compiling [0m zerocopy v0.8.48
2026-07-17T17:02:54.1924703Z  [1m [92m   Compiling [0m autocfg v1.5.0
2026-07-17T17:02:54.4774878Z  [1m [92m   Compiling [0m log v0.4.29
2026-07-17T17:02:54.5968397Z  [1m [92m   Compiling [0m cfg-if v1.0.4
2026-07-17T17:02:54.6493726Z  [1m [92m   Compiling [0m target-lexicon v0.13.5
2026-07-17T17:02:54.6863143Z  [1m [92m   Compiling [0m getrandom v0.2.17
2026-07-17T17:02:54.7814645Z  [1m [92m   Compiling [0m num-traits v0.2.19
2026-07-17T17:02:54.9853371Z  [1m [92m   Compiling [0m memchr v2.8.0
2026-07-17T17:02:55.5861026Z  [1m [92m   Compiling [0m syn v2.0.117
2026-07-17T17:02:55.6281449Z  [1m [92m   Compiling [0m serde_core v1.0.228
2026-07-17T17:02:55.9923624Z  [1m [92m   Compiling [0m rand_core v0.6.4
2026-07-17T17:02:56.2054809Z  [1m [92m   Compiling [0m siphasher v1.0.2
2026-07-17T17:02:56.3032667Z  [1m [92m   Compiling [0m heck v0.5.0
2026-07-17T17:02:56.4111465Z  [1m [92m   Compiling [0m phf_shared v0.11.3
2026-07-17T17:02:56.5868211Z  [1m [92m   Compiling [0m pyo3-build-config v0.28.3
2026-07-17T17:02:57.5735278Z  [1m [92m   Compiling [0m shlex v1.3.0
2026-07-17T17:02:57.7984154Z  [1m [92m   Compiling [0m once_cell v1.21.4
2026-07-17T17:02:58.1496482Z  [1m [92m   Compiling [0m windows-link v0.2.1
2026-07-17T17:02:58.3651493Z  [1m [92m   Compiling [0m glob v0.3.3
2026-07-17T17:02:58.8414430Z  [1m [92m   Compiling [0m clang-sys v1.8.1
2026-07-17T17:03:00.2644632Z  [1m [92m   Compiling [0m ppv-lite86 v0.2.21
2026-07-17T17:03:00.4078190Z  [1m [92m   Compiling [0m prettyplease v0.2.37
2026-07-17T17:03:00.4409159Z  [1m [92m   Compiling [0m find-msvc-tools v0.1.9
2026-07-17T17:03:00.6367478Z  [1m [92m   Compiling [0m either v1.15.0
2026-07-17T17:03:00.7500570Z  [1m [92m   Compiling [0m rand_chacha v0.3.1
2026-07-17T17:03:00.8884056Z  [1m [92m   Compiling [0m itertools v0.11.0
2026-07-17T17:03:01.3708975Z  [1m [92m   Compiling [0m rand v0.8.5
2026-07-17T17:03:01.5952550Z  [1m [92m   Compiling [0m cc v1.2.60
2026-07-17T17:03:02.3123264Z  [1m [92m   Compiling [0m phf_generator v0.11.3
2026-07-17T17:03:02.5302000Z  [1m [92m   Compiling [0m phf_codegen v0.11.3
2026-07-17T17:03:02.6664716Z  [1m [92m   Compiling [0m serde v1.0.228
2026-07-17T17:03:02.9967720Z  [1m [92m   Compiling [0m libc v0.2.185
2026-07-17T17:03:03.1240845Z  [1m [92m   Compiling [0m serde_derive v1.0.228
2026-07-17T17:03:03.5733102Z  [1m [92m   Compiling [0m regex-syntax v0.8.10
2026-07-17T17:03:03.9940947Z  [1m [92m   Compiling [0m minimal-lexical v0.2.1
2026-07-17T17:03:04.3385100Z  [1m [92m   Compiling [0m equivalent v1.0.2
2026-07-17T17:03:04.4069829Z  [1m [92m   Compiling [0m libloading v0.8.9
2026-07-17T17:03:04.6386776Z  [1m [92m   Compiling [0m nom v7.1.3
2026-07-17T17:03:06.1948658Z  [1m [92m   Compiling [0m regex-automata v0.4.14
2026-07-17T17:03:06.5543981Z  [1m [92m   Compiling [0m unicode-width v0.2.2
2026-07-17T17:03:06.8675641Z  [1m [92m   Compiling [0m anyhow v1.0.102
2026-07-17T17:03:06.9538715Z  [1m [92m   Compiling [0m getopts v0.2.24
2026-07-17T17:03:07.2134882Z  [1m [92m   Compiling [0m cexpr v0.6.0
2026-07-17T17:03:08.2395969Z  [1m [92m   Compiling [0m regex v1.12.3
2026-07-17T17:03:08.9568692Z  [1m [92m   Compiling [0m rustc-hash v2.1.2
2026-07-17T17:03:09.0617217Z  [1m [92m   Compiling [0m bitflags v2.11.1
2026-07-17T17:03:09.2884497Z  [1m [92m   Compiling [0m crunchy v0.2.4
2026-07-17T17:03:09.4539585Z  [1m [92m   Compiling [0m smallvec v1.15.1
2026-07-17T17:03:09.5919035Z  [1m [92m   Compiling [0m unicode_names2_generator v1.3.0
2026-07-17T17:03:09.7925485Z  [1m [92m   Compiling [0m num-integer v0.1.46
2026-07-17T17:03:10.5703261Z  [1m [92m   Compiling [0m windows-sys v0.61.2
2026-07-17T17:03:10.6490117Z  [1m [92m   Compiling [0m tiny-keccak v2.0.2
2026-07-17T17:03:10.6846429Z  [1m [92m   Compiling [0m unicode_names2 v1.3.0
2026-07-17T17:03:10.9819333Z  [1m [92m   Compiling [0m is-macro v0.3.7
2026-07-17T17:03:11.0426552Z  [1m [92m   Compiling [0m hashbrown v0.17.0
2026-07-17T17:03:11.6666999Z  [1m [92m   Compiling [0m version_check v0.9.5
2026-07-17T17:03:12.0611668Z  [1m [92m   Compiling [0m getrandom v0.3.4
2026-07-17T17:03:12.0747753Z  [1m [92m   Compiling [0m ahash v0.8.12
2026-07-17T17:03:12.0879941Z  [1m [92m   Compiling [0m indexmap v2.14.0
2026-07-17T17:03:12.7747310Z  [1m [92m   Compiling [0m bindgen v0.72.1
2026-07-17T17:03:12.8445289Z  [1m [92m   Compiling [0m windows_x86_64_msvc v0.52.6
2026-07-17T17:03:13.0568751Z  [1m [92m   Compiling [0m unicode-segmentation v1.13.2
2026-07-17T17:03:13.0697456Z  [1m [92m   Compiling [0m crossbeam-utils v0.8.21
2026-07-17T17:03:13.3542053Z  [1m [92m   Compiling [0m winapi v0.3.9
2026-07-17T17:03:13.3976586Z  [1m [92m   Compiling [0m parking_lot_core v0.9.12
2026-07-17T17:03:13.6530419Z  [1m [92m   Compiling [0m convert_case v0.10.0
2026-07-17T17:03:14.0096249Z  [1m [92m   Compiling [0m rustpython-parser v0.4.0
2026-07-17T17:03:14.4709707Z  [1m [92m   Compiling [0m num-bigint v0.4.6
2026-07-17T17:03:14.5408265Z  [1m [92m   Compiling [0m pyo3-macros-backend v0.28.3
2026-07-17T17:03:14.7494268Z  [1m [92m   Compiling [0m pyo3-ffi v0.28.3
2026-07-17T17:03:14.7632619Z  [1m [92m   Compiling [0m matrixmultiply v0.3.10
2026-07-17T17:03:15.0443524Z  [1m [92m   Compiling [0m once_cell_polyfill v1.70.2
2026-07-17T17:03:15.1410100Z  [1m [92m   Compiling [0m utf8parse v0.2.2
2026-07-17T17:03:15.2595375Z  [1m [92m   Compiling [0m scopeguard v1.2.0
2026-07-17T17:03:15.3405337Z  [1m [92m   Compiling [0m anstyle v1.0.14
2026-07-17T17:03:15.4658982Z  [1m [92m   Compiling [0m bindgen v0.71.1
2026-07-17T17:03:15.6892794Z  [1m [92m   Compiling [0m thiserror v2.0.18
2026-07-17T17:03:15.7582964Z  [1m [92m   Compiling [0m unic-common v0.9.0
2026-07-17T17:03:15.8481804Z  [1m [92m   Compiling [0m unic-char-range v0.9.0
2026-07-17T17:03:15.9589657Z  [1m [92m   Compiling [0m unic-char-property v0.9.0
2026-07-17T17:03:16.0580256Z  [1m [92m   Compiling [0m unic-ucd-version v0.9.0
2026-07-17T17:03:16.1307607Z  [1m [92m   Compiling [0m anstyle-wincon v3.0.11
2026-07-17T17:03:16.1612628Z  [1m [92m   Compiling [0m rustpython-parser-vendored v0.4.0
2026-07-17T17:03:16.4964388Z  [1m [92m   Compiling [0m lock_api v0.4.14
2026-07-17T17:03:16.6703666Z  [1m [92m   Compiling [0m anstyle-parse v1.0.0
2026-07-17T17:03:16.9239861Z  [1m [92m   Compiling [0m derive_more-impl v2.1.1
2026-07-17T17:03:20.7007736Z  [1m [92m   Compiling [0m anstyle-query v1.1.5
2026-07-17T17:03:20.8632904Z  [1m [92m   Compiling [0m aho-corasick v1.1.4
2026-07-17T17:03:21.1855297Z  [1m [92m   Compiling [0m thiserror-impl v2.0.18
2026-07-17T17:03:21.7935404Z  [1m [92m   Compiling [0m cmake v0.1.58
2026-07-17T17:03:22.4578254Z  [1m [92m   Compiling [0m foldhash v0.2.0
2026-07-17T17:03:22.7950475Z  [1m [92m   Compiling [0m pkg-config v0.3.33
2026-07-17T17:03:23.0420381Z  [1m [92m   Compiling [0m itoa v1.0.18
2026-07-17T17:03:23.6368160Z  [1m [92m   Compiling [0m allocator-api2 v0.2.21
2026-07-17T17:03:24.1836039Z  [1m [92m   Compiling [0m colorchoice v1.0.5
2026-07-17T17:03:24.2844511Z  [1m [92m   Compiling [0m rawpointer v0.2.1
2026-07-17T17:03:24.3659180Z  [1m [92m   Compiling [0m crc32fast v1.5.0
2026-07-17T17:03:24.6597960Z  [1m [92m   Compiling [0m fixedbitset v0.4.2
2026-07-17T17:03:25.2083899Z  [1m [92m   Compiling [0m powerfmt v0.2.0
2026-07-17T17:03:25.5633077Z  [1m [92m   Compiling [0m is_terminal_polyfill v1.70.2
2026-07-17T17:03:25.8749753Z  [1m [92m   Compiling [0m anstream v1.0.0
2026-07-17T17:03:28.2653641Z  [1m [92m   Compiling [0m libparasail-sys v0.2.0 (https://github.com/anthol42/libparasail-sys?branch=main#e9b1043c)
2026-07-17T17:03:29.0741429Z  [1m [92m   Compiling [0m deranged v0.5.8
2026-07-17T17:03:30.9221859Z  [1m [92m   Compiling [0m petgraph v0.6.5
2026-07-17T17:03:33.5805202Z  [1m [92m   Compiling [0m hashbrown v0.16.1
2026-07-17T17:03:35.1077590Z  [1m [92m   Compiling [0m crossbeam-epoch v0.9.18
2026-07-17T17:03:35.7379085Z  [1m [92m   Compiling [0m parking_lot v0.12.5
2026-07-17T17:03:37.5228082Z  [1m [92m   Compiling [0m windows-targets v0.52.6
2026-07-17T17:03:37.5755910Z  [1m [92m   Compiling [0m derive_more v2.1.1
2026-07-17T17:03:39.2096362Z  [1m [92m   Compiling [0m rustpython-parser-core v0.4.0
2026-07-17T17:03:42.3678986Z  [1m [92m   Compiling [0m num-complex v0.4.6
2026-07-17T17:03:43.1191076Z  [1m [92m   Compiling [0m libmimalloc-sys v0.1.44
2026-07-17T17:03:43.4121606Z  [1m [92m   Compiling [0m pyo3 v0.28.3
2026-07-17T17:03:43.6634292Z  [1m [92m   Compiling [0m phf v0.11.3
2026-07-17T17:03:43.8371447Z  [1m [92m   Compiling [0m getrandom v0.4.2
2026-07-17T17:03:44.1073670Z  [1m [92m   Compiling [0m rayon-core v1.13.0
2026-07-17T17:03:44.3122552Z  [1m [92m   Compiling [0m time-core v0.1.8
2026-07-17T17:03:44.4864065Z  [1m [92m   Compiling [0m bit-vec v0.8.0
2026-07-17T17:03:44.8567674Z  [1m [92m   Compiling [0m num-conv v0.2.1
2026-07-17T17:03:45.1448385Z  [1m [92m   Compiling [0m zmij v1.0.21
2026-07-17T17:03:45.4024634Z  [1m [92m   Compiling [0m clap_lex v1.1.0
2026-07-17T17:03:45.9244453Z  [1m [92m   Compiling [0m portable-atomic v1.13.1
2026-07-17T17:03:46.0116483Z  [1m [92m   Compiling [0m simd-adler32 v0.3.9
2026-07-17T17:03:46.5026283Z  [1m [92m   Compiling [0m rand_core v0.10.1
2026-07-17T17:03:46.6745149Z  [1m [92m   Compiling [0m litrs v1.0.0
2026-07-17T17:03:47.3623093Z  [1m [92m   Compiling [0m static_assertions v1.1.0
2026-07-17T17:03:47.4204243Z  [1m [92m   Compiling [0m adler2 v2.0.1
2026-07-17T17:03:47.5991939Z  [1m [92m   Compiling [0m strsim v0.11.1
2026-07-17T17:03:48.0366661Z  [1m [92m   Compiling [0m clap_builder v4.6.0
2026-07-17T17:03:48.4525000Z  [1m [92m   Compiling [0m libusalign-sys v0.1.1 (https://github.com/anthol42/libusalign-sys?branch=main#6b1283c6)
2026-07-17T17:03:49.1312449Z  [1m [92m   Compiling [0m miniz_oxide v0.8.9
2026-07-17T17:03:49.2042518Z  [1m [92m   Compiling [0m rustpython-ast v0.4.0
2026-07-17T17:03:51.9878761Z  [1m [92m   Compiling [0m document-features v0.2.12
2026-07-17T17:03:52.1011036Z  [1m [92m   Compiling [0m pyo3-macros v0.28.3
2026-07-17T17:03:52.7164214Z  [1m [92m   Compiling [0m time v0.3.47
2026-07-17T17:03:53.2254665Z  [1m [92m   Compiling [0m bit-set v0.8.0
2026-07-17T17:03:56.6398642Z  [1m [92m   Compiling [0m ndarray v0.17.2
2026-07-17T17:03:57.9216252Z  [1m [92m   Compiling [0m windows-sys v0.59.0
2026-07-17T17:03:59.4426489Z  [1m [92m   Compiling [0m crossbeam-deque v0.8.6
2026-07-17T17:03:59.6941447Z  [1m [92m   Compiling [0m molprint-core v0.1.0
2026-07-17T17:04:03.4125143Z  [1m [92m   Compiling [0m crossterm_winapi v0.9.1
2026-07-17T17:04:04.5815517Z  [1m [92m   Compiling [0m unic-ucd-ident v0.9.0
2026-07-17T17:04:04.7781585Z  [1m [92m   Compiling [0m unic-emoji-char v0.9.0
2026-07-17T17:04:05.5451587Z  [1m [92m   Compiling [0m clap_derive v4.6.1
2026-07-17T17:04:07.2525290Z  [1m [92m   Compiling [0m numpy v0.28.0
2026-07-17T17:04:07.4644030Z  [1m [92m   Compiling [0m cpufeatures v0.3.0
2026-07-17T17:04:07.5247164Z  [1m [92m   Compiling [0m winnow v1.0.1
2026-07-17T17:04:08.1991594Z  [1m [92m   Compiling [0m foldhash v0.1.5
2026-07-17T17:04:08.3064250Z  [1m [92m   Compiling [0m encode_unicode v1.0.0
2026-07-17T17:04:09.3154460Z  [1m [92m   Compiling [0m serde_json v1.0.149
2026-07-17T17:04:09.4832596Z  [1m [92m   Compiling [0m lalrpop-util v0.20.2
2026-07-17T17:04:09.5377063Z  [1m [92m   Compiling [0m virtue v0.0.18
2026-07-17T17:04:09.7816726Z  [1m [92m   Compiling [0m rustc-hash v1.1.0
2026-07-17T17:04:10.4639902Z  [1m [92m   Compiling [0m bincode_derive v2.0.1
2026-07-17T17:04:11.3593643Z  [1m [92m   Compiling [0m console v0.15.11
2026-07-17T17:04:13.8860740Z  [1m [92m   Compiling [0m hashbrown v0.15.5
2026-07-17T17:04:14.8566232Z  [1m [92m   Compiling [0m clap v4.6.1
2026-07-17T17:04:14.9243018Z  [1m [92m   Compiling [0m toml_parser v1.1.2+spec-1.1.0
2026-07-17T17:04:17.5745294Z  [1m [92m   Compiling [0m chacha20 v0.10.0
2026-07-17T17:04:20.2931100Z  [1m [92m   Compiling [0m crossterm v0.29.0
2026-07-17T17:04:23.0082455Z  [1m [92m   Compiling [0m flate2 v1.1.9
2026-07-17T17:04:23.8845383Z  [1m [92m   Compiling [0m molprint-fp v0.1.0
2026-07-17T17:04:27.2843957Z  [1m [92m   Compiling [0m fancy-regex v0.17.0
2026-07-17T17:04:36.6545212Z  [1m [92m   Compiling [0m lru v0.16.4
2026-07-17T17:04:37.6339712Z  [1m [92m   Compiling [0m stdio-override v0.2.0
2026-07-17T17:04:37.9092669Z  [1m [92m   Compiling [0m num-rational v0.4.2
2026-07-17T17:04:40.6412788Z  [1m [92m   Compiling [0m os_pipe v1.2.3
2026-07-17T17:04:40.9123902Z  [1m [92m   Compiling [0m serde_spanned v1.1.1
2026-07-17T17:04:41.0550237Z  [1m [92m   Compiling [0m toml_datetime v1.1.1+spec-1.1.0
2026-07-17T17:04:41.6947349Z  [1m [92m   Compiling [0m fixedbitset v0.5.7
2026-07-17T17:04:41.7312062Z  [1m [92m   Compiling [0m toml_writer v1.1.1+spec-1.1.0
2026-07-17T17:04:42.0560358Z  [1m [92m   Compiling [0m memmap2 v0.9.10
2026-07-17T17:04:42.4660466Z  [1m [92m   Compiling [0m number_prefix v0.4.0
2026-07-17T17:04:42.6082940Z  [1m [92m   Compiling [0m unty v0.0.4
2026-07-17T17:04:42.6882594Z  [1m [92m   Compiling [0m bincode v2.0.1
2026-07-17T17:04:44.0955696Z  [1m [92m   Compiling [0m indicatif v0.17.11
2026-07-17T17:04:45.2723798Z  [1m [92m   Compiling [0m molprint-io v0.1.0
2026-07-17T17:04:45.5222677Z  [1m [92m   Compiling [0m petgraph v0.8.3
2026-07-17T17:04:49.6964384Z  [1m [92m   Compiling [0m toml v1.1.2+spec-1.1.0
2026-07-17T17:04:51.6067196Z  [1m [92m   Compiling [0m rich_rust v0.2.1
2026-07-17T17:05:04.4485976Z  [1m [92m   Compiling [0m rand v0.10.1
2026-07-17T17:05:05.5159250Z  [1m [92m   Compiling [0m mimalloc v0.1.48
2026-07-17T17:05:05.5880867Z  [1m [92m   Compiling [0m rayon v1.12.0
2026-07-17T17:06:05.3956891Z  [1m [92m   Compiling [0m pyo3-stub-gen-derive v0.22.1
2026-07-17T17:06:08.5932289Z  [1m [92m   Compiling [0m clap_complete v4.6.2
2026-07-17T17:06:15.0598555Z  [1m [92m   Compiling [0m quick_cache v0.6.21
2026-07-17T17:06:15.7634174Z  [1m [92m   Compiling [0m itertools v0.14.0
2026-07-17T17:06:15.8718314Z  [1m [92m   Compiling [0m chrono v0.4.44
2026-07-17T17:06:17.1713437Z  [1m [92m   Compiling [0m ordered-float v5.3.0
2026-07-17T17:06:17.5444108Z  [1m [92m   Compiling [0m inventory v0.3.24
2026-07-17T17:06:17.6441140Z  [1m [92m   Compiling [0m maplit v1.0.2
2026-07-17T17:06:18.1579756Z  [1m [92m   Compiling [0m pyo3-stub-gen v0.22.1
2026-07-17T17:06:33.5706165Z  [1m [92m   Compiling [0m parasail-rs v0.9.0
2026-07-17T17:06:33.8569156Z  [1m [92m   Compiling [0m relag v0.0.1 (D:\a\relag\relag\relag)
2026-07-17T17:06:36.8553403Z  [1m [92m   Compiling [0m py-relag v0.0.1 (D:\a\relag\relag\py)
2026-07-17T17:06:50.6081206Z  [1m [93mwarning [0m [1m [97m: linker stdout: LINK : warning LNK4098: defaultlib 'libcmt.lib' conflicts with use of other libs; use /NODEFAULTLIB:library [0m
2026-07-17T17:06:50.6082357Z    [1m [96m| [0m
2026-07-17T17:06:50.6082898Z    [1m [96m=  [0m [1m [97mnote [0m: `#[warn(linker_messages)]` on by default
2026-07-17T17:06:50.6083324Z 
2026-07-17T17:06:50.6370233Z  [1m [93mwarning [0m: `py-relag` (lib) generated 1 warning
2026-07-17T17:06:50.6371399Z  [1m [92m    Finished [0m `release` profile [optimized] target(s) in 3m 56s
2026-07-17T17:06:50.7279376Z 📦 Including files matching "python/**/*.pyi"
2026-07-17T17:06:50.7285808Z 📦 Including files matching "python/**/__init__.py"
2026-07-17T17:06:50.9797120Z 📦 Built wheel for CPython 3.10 to D:\a\relag\relag\target\wheels\relag-0.0.1-cp310-cp310-win_amd64.whl
2026-07-17T17:06:50.9872704Z D:\a\relag\relag\target\wheels\relag-0.0.1-cp310-cp310-win_amd64.whl
2026-07-17T17:06:51.0439415Z Successfully built relag-0.0.1-cp310-cp310-win_amd64.whl
2026-07-17T17:06:51.0645874Z ##[endgroup]
2026-07-17T17:06:51.0647109Z                                                              [32m✓  [0m246.90s
2026-07-17T17:06:51.0648895Z ##[group]Testing wheel...
2026-07-17T17:06:51.0649120Z 
2026-07-17T17:06:51.0652797Z + 'D:\a\_temp\cibw\Scripts\python.exe' -sS 'C:\Users\runneradmin\AppData\Local\pypa\cibuildwheel\Cache\virtualenv-20.35.4.pyz' --activators= --no-periodic-update --pip=25.3 --no-setuptools --python 'C:\Users\runneradmin\AppData\Local\pypa\cibuildwheel\Cache\nuget-cpython\python.3.10.11\tools\python.exe' 'C:\Users\runneradmin\AppData\Local\Temp\cibw-run-abs4t6rp\cp310-win_amd64\venv-test'
2026-07-17T17:06:51.8390705Z created virtual environment CPython3.10.11.final.0-64 in 483ms
2026-07-17T17:06:51.8391793Z   creator CPython3Windows(dest=C:\Users\runneradmin\AppData\Local\Temp\cibw-run-abs4t6rp\cp310-win_amd64\venv-test, clear=False, no_vcs_ignore=False, global=False)
2026-07-17T17:06:51.8392739Z   seeder FromAppData(download=False, pip=25.3, via=copy, app_data_dir=C:\Users\runneradmin\AppData\Local\pypa\virtualenv)
2026-07-17T17:06:51.8393257Z     added seed packages: pip==25.3
2026-07-17T17:06:51.8683034Z + where python
2026-07-17T17:06:51.8876347Z C:\Users\runneradmin\AppData\Local\Temp\cibw-run-abs4t6rp\cp310-win_amd64\venv-test\Scripts\python.exe
2026-07-17T17:06:51.8893576Z C:\Users\runneradmin\AppData\Local\Temp\cibw-run-abs4t6rp\cp310-win_amd64\build\venv\Scripts\python.exe
2026-07-17T17:06:51.9006597Z C:\hostedtoolcache\windows\Python\3.12.10\x64\python.exe
2026-07-17T17:06:51.9462024Z C:\Users\runneradmin\AppData\Local\Microsoft\WindowsApps\python.exe
2026-07-17T17:06:51.9498227Z + pip install 'C:\Users\runneradmin\AppData\Local\Temp\cibw-run-abs4t6rp\cp310-win_amd64\repaired_wheel\relag-0.0.1-cp310-cp310-win_amd64.whl'
2026-07-17T17:06:53.2762079Z Processing c:\users\runneradmin\appdata\local\temp\cibw-run-abs4t6rp\cp310-win_amd64\repaired_wheel\relag-0.0.1-cp310-cp310-win_amd64.whl
2026-07-17T17:06:53.3074621Z Installing collected packages: relag
2026-07-17T17:06:53.4350508Z Successfully installed relag-0.0.1
2026-07-17T17:06:53.4817256Z + pip install pytest numpy rdkit
2026-07-17T17:06:54.0656128Z Collecting pytest
2026-07-17T17:06:54.1022579Z   Downloading pytest-9.1.1-py3-none-any.whl.metadata (7.6 kB)
2026-07-17T17:06:54.3622544Z Collecting numpy
2026-07-17T17:06:54.3691046Z   Downloading numpy-2.2.6-cp310-cp310-win_amd64.whl.metadata (60 kB)
2026-07-17T17:06:54.4715300Z Collecting rdkit
2026-07-17T17:06:54.4783906Z   Downloading rdkit-2026.3.4-cp310-cp310-win_amd64.whl.metadata (3.9 kB)
2026-07-17T17:06:54.5216052Z Collecting colorama>=0.4 (from pytest)
2026-07-17T17:06:54.5237650Z   Using cached colorama-0.4.6-py2.py3-none-any.whl.metadata (17 kB)
2026-07-17T17:06:54.5532713Z Collecting exceptiongroup>=1 (from pytest)
2026-07-17T17:06:54.5593563Z   Downloading exceptiongroup-1.3.1-py3-none-any.whl.metadata (6.7 kB)
2026-07-17T17:06:54.6142475Z Collecting iniconfig>=1.0.1 (from pytest)
2026-07-17T17:06:54.6210138Z   Downloading iniconfig-2.3.0-py3-none-any.whl.metadata (2.5 kB)
2026-07-17T17:06:54.6671062Z Collecting packaging>=22 (from pytest)
2026-07-17T17:06:54.6692927Z   Using cached packaging-26.2-py3-none-any.whl.metadata (3.5 kB)
2026-07-17T17:06:54.6887762Z Collecting pluggy<2,>=1.5 (from pytest)
2026-07-17T17:06:54.6909878Z   Using cached pluggy-1.6.0-py3-none-any.whl.metadata (4.8 kB)
2026-07-17T17:06:54.7296380Z Collecting pygments>=2.7.2 (from pytest)
2026-07-17T17:06:54.7348551Z   Downloading pygments-2.20.0-py3-none-any.whl.metadata (2.5 kB)
2026-07-17T17:06:54.7857308Z Collecting tomli>=1 (from pytest)
2026-07-17T17:06:54.7880736Z   Using cached tomli-2.4.1-py3-none-any.whl.metadata (10 kB)
2026-07-17T17:06:55.0442755Z Collecting Pillow (from rdkit)
2026-07-17T17:06:55.0535529Z   Downloading pillow-12.3.0-cp310-cp310-win_amd64.whl.metadata (9.3 kB)
2026-07-17T17:06:55.1047235Z Collecting typing-extensions>=4.6.0 (from exceptiongroup>=1->pytest)
2026-07-17T17:06:55.1098181Z   Downloading typing_extensions-4.16.0-py3-none-any.whl.metadata (3.3 kB)
2026-07-17T17:06:55.1382374Z Downloading pytest-9.1.1-py3-none-any.whl (386 kB)
2026-07-17T17:06:55.1677647Z Using cached pluggy-1.6.0-py3-none-any.whl (20 kB)
2026-07-17T17:06:55.1808266Z Downloading numpy-2.2.6-cp310-cp310-win_amd64.whl (12.9 MB)
2026-07-17T17:06:55.2887950Z    ---------------------------------------- 12.9/12.9 MB 116.0 MB/s  0:00:00
2026-07-17T17:06:55.2957231Z Downloading rdkit-2026.3.4-cp310-cp310-win_amd64.whl (24.7 MB)
2026-07-17T17:06:55.6378895Z    ---------------------------------------- 24.7/24.7 MB 74.5 MB/s  0:00:00
2026-07-17T17:06:55.6400738Z Using cached colorama-0.4.6-py2.py3-none-any.whl (25 kB)
2026-07-17T17:06:55.6452206Z Downloading exceptiongroup-1.3.1-py3-none-any.whl (16 kB)
2026-07-17T17:06:55.6677164Z Downloading iniconfig-2.3.0-py3-none-any.whl (7.5 kB)
2026-07-17T17:06:55.6885896Z Using cached packaging-26.2-py3-none-any.whl (100 kB)
2026-07-17T17:06:55.6943966Z Downloading pygments-2.20.0-py3-none-any.whl (1.2 MB)
2026-07-17T17:06:55.7260284Z    ---------------------------------------- 1.2/1.2 MB 31.3 MB/s  0:00:00
2026-07-17T17:06:55.7279510Z Using cached tomli-2.4.1-py3-none-any.whl (14 kB)
2026-07-17T17:06:55.7328066Z Downloading typing_extensions-4.16.0-py3-none-any.whl (45 kB)
2026-07-17T17:06:55.7597040Z Downloading pillow-12.3.0-cp310-cp310-win_amd64.whl (7.2 MB)
2026-07-17T17:06:55.8272662Z    ---------------------------------------- 7.2/7.2 MB 110.6 MB/s  0:00:00
2026-07-17T17:06:55.9580399Z Installing collected packages: typing-extensions, tomli, pygments, pluggy, Pillow, packaging, numpy, iniconfig, colorama, rdkit, exceptiongroup, pytest
2026-07-17T17:07:04.6167880Z 
2026-07-17T17:07:04.6222036Z Successfully installed Pillow-12.3.0 colorama-0.4.6 exceptiongroup-1.3.1 iniconfig-2.3.0 numpy-2.2.6 packaging-26.2 pluggy-1.6.0 pygments-2.20.0 pytest-9.1.1 rdkit-2026.3.4 tomli-2.4.1 typing-extensions-4.16.0
2026-07-17T17:07:04.7306125Z + pytest D:\a\relag\relag/pytests -v
2026-07-17T17:07:05.0244949Z ============================= test session starts =============================
2026-07-17T17:07:05.0245813Z platform win32 -- Python 3.10.11, pytest-9.1.1, pluggy-1.6.0 -- C:\Users\runneradmin\AppData\Local\Temp\cibw-run-abs4t6rp\cp310-win_amd64\venv-test\Scripts\python.exe
2026-07-17T17:07:05.0246486Z cachedir: .pytest_cache
2026-07-17T17:07:05.0246711Z rootdir: D:\a\relag\relag\pytests
2026-07-17T17:07:05.0246970Z configfile: pyproject.toml
2026-07-17T17:07:05.2263312Z collecting ... collected 51 items
2026-07-17T17:07:05.2263569Z 
2026-07-17T17:07:05.2283125Z D:\a\relag\relag\pytests\test_doc_examples.py::test_doc_example_runs[core\\__init__.pyi::<module>.CsrGraph#0] PASSED [  1%]
2026-07-17T17:07:05.2931887Z D:\a\relag\relag\pytests\test_doc_examples.py::test_doc_example_runs[core\\__init__.pyi::<module>.CsrGraph.subgraph#0] FAILED [  3%]
2026-07-17T17:07:05.2948010Z D:\a\relag\relag\pytests\test_doc_examples.py::test_doc_example_runs[core\\__init__.pyi::<module>.EdgeStore#0] PASSED [  5%]
2026-07-17T17:07:05.2995278Z D:\a\relag\relag\pytests\test_doc_examples.py::test_doc_example_runs[core\\__init__.pyi::<module>.EdgeStore.save#0] FAILED [  7%]
2026-07-17T17:07:05.3046101Z D:\a\relag\relag\pytests\test_doc_examples.py::test_doc_example_runs[core\\__init__.pyi::<module>.HNSWState#0] PASSED [  9%]
2026-07-17T17:07:05.3068714Z D:\a\relag\relag\pytests\test_doc_examples.py::test_doc_example_runs[core\\__init__.pyi::<module>.exact_edges#0] PASSED [ 11%]
2026-07-17T17:07:05.3090842Z D:\a\relag\relag\pytests\test_doc_examples.py::test_doc_example_runs[core\\__init__.pyi::<module>.exact_nearest_neighbors#0] PASSED [ 13%]
2026-07-17T17:07:05.3105220Z D:\a\relag\relag\pytests\test_doc_examples.py::test_doc_example_runs[core\\__init__.pyi::<module>.find_communities#0] PASSED [ 15%]
2026-07-17T17:07:05.3118185Z D:\a\relag\relag\pytests\test_doc_examples.py::test_doc_example_runs[core\\__init__.pyi::<module>.find_components#0] PASSED [ 17%]
2026-07-17T17:07:05.3132919Z D:\a\relag\relag\pytests\test_doc_examples.py::test_doc_example_runs[core\\__init__.pyi::<module>.partition#0] PASSED [ 19%]
2026-07-17T17:07:05.3154752Z D:\a\relag\relag\pytests\test_doc_examples.py::test_doc_example_runs[kernels\\__init__.pyi::<module>.zip_kernel#0] PASSED [ 21%]
2026-07-17T17:07:05.3167616Z D:\a\relag\relag\pytests\test_doc_examples.py::test_doc_example_runs[kernels\\alignments\\__init__.pyi::<module>.GlobalAligner#0] PASSED [ 23%]
2026-07-17T17:07:05.3181630Z D:\a\relag\relag\pytests\test_doc_examples.py::test_doc_example_runs[kernels\\alignments\\__init__.pyi::<module>.LocalAligner#0] PASSED [ 25%]
2026-07-17T17:07:05.3314336Z D:\a\relag\relag\pytests\test_doc_examples.py::test_doc_example_runs[kernels\\molecules\\__init__.pyi::<module>.TanimotoBit#0] PASSED [ 27%]
2026-07-17T17:07:05.3328192Z D:\a\relag\relag\pytests\test_doc_examples.py::test_doc_example_runs[kernels\\molecules\\__init__.pyi::<module>.TanimotoBit.call#0] PASSED [ 29%]
2026-07-17T17:07:05.3345911Z D:\a\relag\relag\pytests\test_doc_examples.py::test_doc_example_runs[kernels\\molecules\\__init__.pyi::<module>.TanimotoReal#0] PASSED [ 31%]
2026-07-17T17:07:05.3358972Z D:\a\relag\relag\pytests\test_doc_examples.py::test_doc_example_runs[kernels\\molecules\\__init__.pyi::<module>.TanimotoReal.call#0] PASSED [ 33%]
2026-07-17T17:07:05.3407659Z D:\a\relag\relag\pytests\test_doc_examples.py::test_doc_example_runs[kernels\\structures\\__init__.pyi::<module>.USAlignKernel#0] FAILED [ 35%]
2026-07-17T17:07:05.3424426Z D:\a\relag\relag\pytests\test_doc_examples.py::test_doc_example_runs[utils\\__init__.pyi::<module>.BitFingerprint#0] PASSED [ 37%]
2026-07-17T17:07:05.3469348Z D:\a\relag\relag\pytests\test_doc_examples.py::test_doc_example_runs[utils\\__init__.pyi::<module>.PdbStructure#0] FAILED [ 39%]
2026-07-17T17:07:05.3485663Z D:\a\relag\relag\pytests\test_doc_examples.py::test_doc_example_runs[utils\\__init__.pyi::<module>.RealFingerprint#0] PASSED [ 41%]
2026-07-17T17:07:05.3530912Z D:\a\relag\relag\pytests\test_doc_examples.py::test_doc_example_runs[utils\\__init__.pyi::<module>.read_fasta#0] FAILED [ 43%]
2026-07-17T17:07:05.3551887Z D:\a\relag\relag\pytests\test_exact.py::test_exact_edges PASSED          [ 45%]
2026-07-17T17:07:05.3571331Z D:\a\relag\relag\pytests\test_exact.py::test_exact_nearest_neighbors PASSED [ 47%]
2026-07-17T17:07:05.3596293Z D:\a\relag\relag\pytests\test_hnsw.py::test_global PASSED                [ 49%]
2026-07-17T17:07:05.3619765Z D:\a\relag\relag\pytests\test_hnsw.py::test_local PASSED                 [ 50%]
2026-07-17T17:07:05.3631905Z D:\a\relag\relag\pytests\test_index.py::test_config_repr PASSED          [ 52%]
2026-07-17T17:07:05.3646692Z D:\a\relag\relag\pytests\test_index.py::test_index_repr PASSED           [ 54%]
2026-07-17T17:07:05.3661810Z D:\a\relag\relag\pytests\test_index.py::test_index_fields PASSED         [ 56%]
2026-07-17T17:07:05.3671711Z D:\a\relag\relag\pytests\test_leiden.py::test_subgraph_reindexes_and_maps_nodes PASSED [ 58%]
2026-07-17T17:07:05.3681728Z D:\a\relag\relag\pytests\test_leiden.py::test_subgraph_keeps_only_induced_edges PASSED [ 60%]
2026-07-17T17:07:05.3695621Z D:\a\relag\relag\pytests\test_tanimoto.py::TestBitFingerprintConstructors::test_from_rdkit PASSED [ 62%]
2026-07-17T17:07:05.3705270Z D:\a\relag\relag\pytests\test_tanimoto.py::TestBitFingerprintConstructors::test_from_list PASSED [ 64%]
2026-07-17T17:07:05.3714314Z D:\a\relag\relag\pytests\test_tanimoto.py::TestBitFingerprintConstructors::test_from_np PASSED [ 66%]
2026-07-17T17:07:05.3724086Z D:\a\relag\relag\pytests\test_tanimoto.py::TestBitFingerprintConstructors::test_from_list_matches_from_np PASSED [ 68%]
2026-07-17T17:07:05.3735835Z D:\a\relag\relag\pytests\test_tanimoto.py::TestBitFingerprintConstructors::test_from_rdkit_sparse_raises PASSED [ 70%]
2026-07-17T17:07:05.3745465Z D:\a\relag\relag\pytests\test_tanimoto.py::TestBitFingerprintExport::test_to_list_roundtrip PASSED [ 72%]
2026-07-17T17:07:05.3924070Z D:\a\relag\relag\pytests\test_tanimoto.py::TestBitFingerprintExport::test_to_np_roundtrip PASSED [ 74%]
2026-07-17T17:07:05.3935484Z D:\a\relag\relag\pytests\test_tanimoto.py::TestBitFingerprintExport::test_to_rdkit_roundtrip PASSED [ 76%]
2026-07-17T17:07:05.3946418Z D:\a\relag\relag\pytests\test_tanimoto.py::TestBitFingerprintExport::test_to_rdkit_class PASSED [ 78%]
2026-07-17T17:07:05.3956727Z D:\a\relag\relag\pytests\test_tanimoto.py::TestRealFingerprintConstructors::test_from_rdkit PASSED [ 80%]
2026-07-17T17:07:05.3965834Z D:\a\relag\relag\pytests\test_tanimoto.py::TestRealFingerprintConstructors::test_from_list PASSED [ 82%]
2026-07-17T17:07:05.3975021Z D:\a\relag\relag\pytests\test_tanimoto.py::TestRealFingerprintConstructors::test_from_np PASSED [ 84%]
2026-07-17T17:07:05.3986786Z D:\a\relag\relag\pytests\test_tanimoto.py::TestRealFingerprintConstructors::test_from_rdkit_sparse_raises PASSED [ 86%]
2026-07-17T17:07:05.3996199Z D:\a\relag\relag\pytests\test_tanimoto.py::TestRealFingerprintConstructors::test_from_list_matches_from_np PASSED [ 88%]
2026-07-17T17:07:05.4006725Z D:\a\relag\relag\pytests\test_tanimoto.py::TestRealFingerprintExport::test_to_list_roundtrip PASSED [ 90%]
2026-07-17T17:07:05.4018839Z D:\a\relag\relag\pytests\test_tanimoto.py::TestRealFingerprintExport::test_to_np_roundtrip PASSED [ 92%]
2026-07-17T17:07:05.4029248Z D:\a\relag\relag\pytests\test_tanimoto.py::TestRealFingerprintExport::test_to_rdkit_roundtrip PASSED [ 94%]
2026-07-17T17:07:05.4040800Z D:\a\relag\relag\pytests\test_tanimoto.py::TestRealFingerprintExport::test_to_rdkit_class PASSED [ 96%]
2026-07-17T17:07:05.4059552Z D:\a\relag\relag\pytests\test_zip_kernel.py::test_zip_kernel_thread_consistency PASSED [ 98%]
2026-07-17T17:07:05.4242349Z D:\a\relag\relag\pytests\test_zip_kernel.py::test_zip_kernel_length_mismatch PASSED [100%]
2026-07-17T17:07:05.4242837Z 
2026-07-17T17:07:05.4243048Z ================================== FAILURES ===================================
2026-07-17T17:07:05.4243667Z ___ test_doc_example_runs[core\\__init__.pyi::<module>.CsrGraph.subgraph#0] ___
2026-07-17T17:07:05.4244066Z 
2026-07-17T17:07:05.4244482Z request = <FixtureRequest for <Function test_doc_example_runs[core\\__init__.pyi::<module>.CsrGraph.subgraph#0]>>
2026-07-17T17:07:05.4245439Z code = 'sub, mapping = g.subgraph([2, 0, 3])\nprint(sub.n)      # 3\nprint(mapping)    # {0: 1, 2: 0, 3: 2}'
2026-07-17T17:07:05.4245909Z 
2026-07-17T17:07:05.4246113Z     @pytest.mark.parametrize("code", _discover_examples())
2026-07-17T17:07:05.4246589Z     def test_doc_example_runs(request, code):
2026-07-17T17:07:05.4247025Z         if request.node.callspec.id in _NEEDS_FIXTURE:
2026-07-17T17:07:05.4247661Z             pytest.xfail("references a placeholder file / prior-paragraph variable, not a doc bug")
2026-07-17T17:07:05.4248347Z >       exec(compile(code, "<doc-example>", "exec"), {"__name__": "__main__"})
2026-07-17T17:07:05.4248606Z 
2026-07-17T17:07:05.4248750Z D:\a\relag\relag\pytests\test_doc_examples.py:80: 
2026-07-17T17:07:05.4249081Z _ _ _ _ _ _ _ _ _ _ _ _ _ _ _ _ _ _ _ _ _ _ _ _ _ _ _ _ _ _ _ _ _ _ _ _ _ _ _ _
2026-07-17T17:07:05.4249299Z 
2026-07-17T17:07:05.4249373Z >   ???
2026-07-17T17:07:05.4249654Z E   NameError: name 'g' is not defined
2026-07-17T17:07:05.4250315Z 
2026-07-17T17:07:05.4250450Z <doc-example>:1: NameError
2026-07-17T17:07:05.4250957Z ____ test_doc_example_runs[core\\__init__.pyi::<module>.EdgeStore.save#0] _____
2026-07-17T17:07:05.4251393Z 
2026-07-17T17:07:05.4251691Z request = <FixtureRequest for <Function test_doc_example_runs[core\\__init__.pyi::<module>.EdgeStore.save#0]>>
2026-07-17T17:07:05.4252677Z code = 'from relag.core import EdgeStore\n\nstore = EdgeStore(node_count=3, edges=[(0, 1, 0.9), (1, 2, 0.7)])\nstore.save("my/path/myedges.edgelist") # Text format\nstore.save("my/path/myedges.edgestr")  # Bin format'
2026-07-17T17:07:05.4253322Z 
2026-07-17T17:07:05.4253473Z     @pytest.mark.parametrize("code", _discover_examples())
2026-07-17T17:07:05.4253801Z     def test_doc_example_runs(request, code):
2026-07-17T17:07:05.4254099Z         if request.node.callspec.id in _NEEDS_FIXTURE:
2026-07-17T17:07:05.4254548Z             pytest.xfail("references a placeholder file / prior-paragraph variable, not a doc bug")
2026-07-17T17:07:05.4255060Z >       exec(compile(code, "<doc-example>", "exec"), {"__name__": "__main__"})
2026-07-17T17:07:05.4255320Z 
2026-07-17T17:07:05.4255438Z D:\a\relag\relag\pytests\test_doc_examples.py:80: 
2026-07-17T17:07:05.4255806Z _ _ _ _ _ _ _ _ _ _ _ _ _ _ _ _ _ _ _ _ _ _ _ _ _ _ _ _ _ _ _ _ _ _ _ _ _ _ _ _
2026-07-17T17:07:05.4256021Z 
2026-07-17T17:07:05.4256099Z >   ???
2026-07-17T17:07:05.4256359Z E   OSError: The system cannot find the path specified. (os error 3)
2026-07-17T17:07:05.4256603Z 
2026-07-17T17:07:05.4256695Z <doc-example>:4: OSError
2026-07-17T17:07:05.4257056Z _ test_doc_example_runs[kernels\\structures\\__init__.pyi::<module>.USAlignKernel#0] _
2026-07-17T17:07:05.4257639Z 
2026-07-17T17:07:05.4257988Z request = <FixtureRequest for <Function test_doc_example_runs[kernels\\structures\\__init__.pyi::<module>.USAlignKernel#0]>>
2026-07-17T17:07:05.4259089Z code = 'from relag.utils import PdbStructure\nfrom relag.kernels.structures import USAlignKernel, NormMode\n\ns1 = PdbStructu...  = USAlignKernel()                  # default: NormMode.Min\nd  = k(s1, s2)                         # float in [0, 1]'
2026-07-17T17:07:05.4259979Z 
2026-07-17T17:07:05.4260126Z     @pytest.mark.parametrize("code", _discover_examples())
2026-07-17T17:07:05.4260449Z     def test_doc_example_runs(request, code):
2026-07-17T17:07:05.4260746Z         if request.node.callspec.id in _NEEDS_FIXTURE:
2026-07-17T17:07:05.4261191Z             pytest.xfail("references a placeholder file / prior-paragraph variable, not a doc bug")
2026-07-17T17:07:05.4261696Z >       exec(compile(code, "<doc-example>", "exec"), {"__name__": "__main__"})
2026-07-17T17:07:05.4261959Z 
2026-07-17T17:07:05.4262080Z D:\a\relag\relag\pytests\test_doc_examples.py:80: 
2026-07-17T17:07:05.4262402Z _ _ _ _ _ _ _ _ _ _ _ _ _ _ _ _ _ _ _ _ _ _ _ _ _ _ _ _ _ _ _ _ _ _ _ _ _ _ _ _
2026-07-17T17:07:05.4262624Z 
2026-07-17T17:07:05.4262690Z >   ???
2026-07-17T17:07:05.4262891Z E   RuntimeError: failed to load PDB: 1abc.pdb
2026-07-17T17:07:05.4263090Z 
2026-07-17T17:07:05.4263175Z <doc-example>:4: RuntimeError
2026-07-17T17:07:05.4263510Z _____ test_doc_example_runs[utils\\__init__.pyi::<module>.PdbStructure#0] _____
2026-07-17T17:07:05.4263785Z 
2026-07-17T17:07:05.4264439Z request = <FixtureRequest for <Function test_doc_example_runs[utils\\__init__.pyi::<module>.PdbStructure#0]>>
2026-07-17T17:07:05.4265288Z code = 'from relag.utils import PdbStructure\ns = PdbStructure("1abc.pdb")'
2026-07-17T17:07:05.4265717Z 
2026-07-17T17:07:05.4265927Z     @pytest.mark.parametrize("code", _discover_examples())
2026-07-17T17:07:05.4266401Z     def test_doc_example_runs(request, code):
2026-07-17T17:07:05.4266858Z         if request.node.callspec.id in _NEEDS_FIXTURE:
2026-07-17T17:07:05.4267543Z             pytest.xfail("references a placeholder file / prior-paragraph variable, not a doc bug")
2026-07-17T17:07:05.4268310Z >       exec(compile(code, "<doc-example>", "exec"), {"__name__": "__main__"})
2026-07-17T17:07:05.4268714Z 
2026-07-17T17:07:05.4268901Z D:\a\relag\relag\pytests\test_doc_examples.py:80: 
2026-07-17T17:07:05.4269393Z _ _ _ _ _ _ _ _ _ _ _ _ _ _ _ _ _ _ _ _ _ _ _ _ _ _ _ _ _ _ _ _ _ _ _ _ _ _ _ _
2026-07-17T17:07:05.4269729Z 
2026-07-17T17:07:05.4269836Z >   ???
2026-07-17T17:07:05.4270340Z E   RuntimeError: failed to load PDB: 1abc.pdb
2026-07-17T17:07:05.4270616Z 
2026-07-17T17:07:05.4270749Z <doc-example>:2: RuntimeError
2026-07-17T17:07:05.4271255Z ______ test_doc_example_runs[utils\\__init__.pyi::<module>.read_fasta#0] ______
2026-07-17T17:07:05.4271684Z 
2026-07-17T17:07:05.4272137Z request = <FixtureRequest for <Function test_doc_example_runs[utils\\__init__.pyi::<module>.read_fasta#0]>>
2026-07-17T17:07:05.4273714Z code = 'from relag.utils import read_fasta\n\nrecords = read_fasta("proteins.fasta")\nheader, seq = records[0]\nprint(header)  # "sp|P12345|MYPR_HUMAN ..."\nprint(seq)     # "MKTAYIAKQRQISFVKSHFSRQ..."'
2026-07-17T17:07:05.4274790Z 
2026-07-17T17:07:05.4275012Z     @pytest.mark.parametrize("code", _discover_examples())
2026-07-17T17:07:05.4275523Z     def test_doc_example_runs(request, code):
2026-07-17T17:07:05.4275993Z         if request.node.callspec.id in _NEEDS_FIXTURE:
2026-07-17T17:07:05.4276715Z             pytest.xfail("references a placeholder file / prior-paragraph variable, not a doc bug")
2026-07-17T17:07:05.4277530Z >       exec(compile(code, "<doc-example>", "exec"), {"__name__": "__main__"})
2026-07-17T17:07:05.4277942Z 
2026-07-17T17:07:05.4278121Z D:\a\relag\relag\pytests\test_doc_examples.py:80: 
2026-07-17T17:07:05.4278714Z _ _ _ _ _ _ _ _ _ _ _ _ _ _ _ _ _ _ _ _ _ _ _ _ _ _ _ _ _ _ _ _ _ _ _ _ _ _ _ _
2026-07-17T17:07:05.4279054Z 
2026-07-17T17:07:05.4279387Z >   ???
2026-07-17T17:07:05.4279760Z E   OSError: The system cannot find the file specified. (os error 2)
2026-07-17T17:07:05.4280156Z 
2026-07-17T17:07:05.4280275Z <doc-example>:3: OSError
2026-07-17T17:07:05.4280672Z =========================== short test summary info ===========================
2026-07-17T17:07:05.4282277Z FAILED D:\a\relag\relag\pytests\test_doc_examples.py::test_doc_example_runs[core\\__init__.pyi::<module>.CsrGraph.subgraph#0] - NameError: name 'g' is not defined
2026-07-17T17:07:05.4283358Z FAILED D:\a\relag\relag\pytests\test_doc_examples.py::test_doc_example_runs[core\\__init__.pyi::<module>.EdgeStore.save#0] - OSError: The system cannot find the path specified. (os error 3)
2026-07-17T17:07:05.4284450Z FAILED D:\a\relag\relag\pytests\test_doc_examples.py::test_doc_example_runs[kernels\\structures\\__init__.pyi::<module>.USAlignKernel#0] - RuntimeError: failed to load PDB: 1abc.pdb
2026-07-17T17:07:05.4285472Z FAILED D:\a\relag\relag\pytests\test_doc_examples.py::test_doc_example_runs[utils\\__init__.pyi::<module>.PdbStructure#0] - RuntimeError: failed to load PDB: 1abc.pdb
2026-07-17T17:07:05.4286477Z FAILED D:\a\relag\relag\pytests\test_doc_examples.py::test_doc_example_runs[utils\\__init__.pyi::<module>.read_fasta#0] - OSError: The system cannot find the file specified. (os error 2)
2026-07-17T17:07:05.4287205Z ======================== 5 failed, 46 passed in 0.39s =========================
2026-07-17T17:07:07.2652766Z ##[error]cibuildwheel: Command pytest D:\a\relag\relag/pytests -v failed with code 1. 
2026-07-17T17:07:07.2653299Z 
2026-07-17T17:07:07.2653581Z ##[endgroup]
2026-07-17T17:07:07.2654118Z                                                               [31m✕  [0m16.20s
2026-07-17T17:07:07.4140298Z ##[error]Process completed with exit code 1.
2026-07-17T17:07:07.4377446Z Post job cleanup.
2026-07-17T17:07:07.4534446Z Node 20 is being deprecated. This workflow is running with Node 24 by default. If you need to temporarily use Node 20, you can set the ACTIONS_ALLOW_USE_UNSECURE_NODE_VERSION=true environment variable. For more information see: https://github.blog/changelog/2025-09-19-deprecation-of-node-20-on-github-actions-runners/
2026-07-17T17:07:07.4535713Z Post job cleanup.
2026-07-17T17:07:07.6203820Z [command]"C:\Program Files\Git\bin\git.exe" version
2026-07-17T17:07:07.6734080Z git version 2.55.0.windows.2
2026-07-17T17:07:07.6838431Z Temporarily overriding HOME='D:\a\_temp\91343013-74e5-4f5e-9814-29c58155c4db' before making global git config changes
2026-07-17T17:07:07.6839387Z Adding repository directory to the temporary git global config as a safe directory
2026-07-17T17:07:07.6849929Z [command]"C:\Program Files\Git\bin\git.exe" config --global --add safe.directory D:\a\relag\relag
2026-07-17T17:07:07.7148047Z [command]"C:\Program Files\Git\bin\git.exe" config --local --name-only --get-regexp core\.sshCommand
2026-07-17T17:07:07.7439569Z [command]"C:\Program Files\Git\bin\git.exe" submodule foreach --recursive "sh -c \"git config --local --name-only --get-regexp 'core\.sshCommand' && git config --local --unset-all 'core.sshCommand' || :\""
2026-07-17T17:07:08.3820972Z [command]"C:\Program Files\Git\bin\git.exe" config --local --name-only --get-regexp http\.https\:\/\/github\.com\/\.extraheader
2026-07-17T17:07:08.4061483Z http.https://github.com/.extraheader
2026-07-17T17:07:08.4100283Z [command]"C:\Program Files\Git\bin\git.exe" config --local --unset-all http.https://github.com/.extraheader
2026-07-17T17:07:08.4377856Z [command]"C:\Program Files\Git\bin\git.exe" submodule foreach --recursive "sh -c \"git config --local --name-only --get-regexp 'http\.https\:\/\/github\.com\/\.extraheader' && git config --local --unset-all 'http.https://github.com/.extraheader' || :\""
2026-07-17T17:07:08.9396449Z [command]"C:\Program Files\Git\bin\git.exe" config --local --name-only --get-regexp ^includeIf\.gitdir:
2026-07-17T17:07:08.9673990Z [command]"C:\Program Files\Git\bin\git.exe" submodule foreach --recursive "git config --local --show-origin --name-only --get-regexp remote.origin.url"
2026-07-17T17:07:09.4795327Z Cleaning up orphan processes
2026-07-17T17:07:09.5040706Z Terminate orphan process: pid (8376) (vctip)
2026-07-17T17:07:09.5114912Z Terminate orphan process: pid (7044) (MSBuild)
2026-07-17T17:07:09.5189209Z Terminate orphan process: pid (6804) (MSBuild)
2026-07-17T17:07:09.5255395Z Terminate orphan process: pid (2768) (MSBuild)
2026-07-17T17:07:09.5331888Z Terminate orphan process: pid (6200) (conhost)
2026-07-17T17:07:09.5545953Z ##[warning]Node.js 20 is deprecated. The following actions target Node.js 20 but are being forced to run on Node.js 24: actions/checkout@v4. For more information see: https://github.blog/changelog/2025-09-19-deprecation-of-node-20-on-github-actions-runners/

